Index,Date,Latitude,Longitude,Moon Age,Sunset,Moonset,Lag,Moon Alt,Moon Az,Sun Alt,Sun Az,Moon-Earth Dist,Sun-Moon Dist,ARCL,ARCV,DAZ,Illumination,Parallax,W,W',q,q',Cloud Level,Seen,Method,Methods,Source
0,2459022.3026,35.07475,3.02705,0.524,2459022.29542,2459022.31159,23.28333,1.6669,297.72052,-2.6564,301.26523,0.00258,1.01379,5.59008,4.3233,3.54471,0.00238,56.78226,0.07357,0.07361,-0.70525,-0.70523,0,Not_seen,Not_seen,Not_seen,ICOP23
1,2459022.2889,33.49162,6.79779,0.51,2459022.28194,2459022.2976,22.55,1.64918,297.24503,-2.64675,300.52618,0.00258,1.01379,5.40509,4.29592,3.28115,0.00222,56.77528,0.06878,0.06881,-0.71097,-0.71095,0,Not_seen,Not_seen,Not_seen,ICOP23
2,2459022.28866,33.40379,6.82645,0.51,2459022.2817,2459022.29735,22.53333,1.65148,297.21784,-2.64772,300.48806,0.00258,1.01379,5.40108,4.2992,3.27022,0.00222,56.77508,0.06868,0.06871,-0.71071,-0.71069,0,Not_seen,Not_seen,Not_seen,ICOP23
3,2459022.15877,32.0116,51.86517,0.38,2459022.15405,2459022.16466,15.28333,0.9644,297.20915,-2.09385,299.48273,0.00258,1.01377,3.81055,3.05824,2.27358,0.00111,56.71942,0.03416,0.03417,-0.85637,-0.85636,0,Not_seen,Not_seen,Not_seen,ICOP23
4,2459022.31963,35.17399,-2.92812,0.541,2459022.31215,2459022.32898,24.23333,1.7556,297.69376,-2.72677,301.373,0.00258,1.01379,5.79833,4.48237,3.67924,0.00256,56.78893,0.07916,0.0792,-0.68588,-0.68585,0,Not_seen,Not_seen,Not_seen,ICOP23
5,2459022.32896,35.77743,-5.80323,0.55,2459022.32133,2459022.33851,24.73333,1.78015,297.87422,-2.74727,301.68833,0.00258,1.0138,5.91915,4.52742,3.81411,0.00267,56.79327,0.0825,0.08254,-0.6793,-0.67927,0,Not_seen,Not_seen,Not_seen,ICOP23
6,2459022.31632,31.43499,-4.23283,0.538,2459022.30888,2459022.32562,24.11667,1.87526,296.55046,-2.8322,299.79353,0.00258,1.01379,5.71586,4.70746,3.24307,0.00249,56.78337,0.07692,0.07696,-0.66476,-0.66473,0.5,Not_seen,Not_seen,Not_seen,ICOP23
7,2459022.31806,34.40882,-2.89807,0.539,2459022.3106,2459022.32737,24.15,1.77708,297.43988,-2.74558,301.02416,0.00258,1.01379,5.77008,4.52266,3.58428,0.00253,56.78742,0.07839,0.07843,-0.68233,-0.6823,0,Not_seen,Not_seen,Not_seen,ICOP23
8,2459022.32849,33.61687,-7.12304,0.55,2459022.32084,2459022.33804,24.76667,1.86486,297.14856,-2.81792,300.71877,0.00258,1.01379,5.88786,4.68279,3.57021,0.00264,56.79035,0.08162,0.08167,-0.66431,-0.66428,0,Not_seen,Not_seen,Not_seen,ICOP23
9,2459021.60162,32.22288,-110.97485,29.366,2459021.60668,2459021.5953,-16.38333,-2.19607,298.8176,0.52405,297.66961,0.0026,1.01372,2.95236,2.72012,-1.14799,0.00066,56.37791,0.02039,0.02037,-0.89884,-0.89885,0,Seen,Seen_telescope,Seen_telescope;Seen_ccd,ICOP23
10,2459021.52477,37.22966,-80.41368,29.289,2459021.53141,2459021.51647,-21.51667,-2.53885,301.10179,0.81462,299.25802,0.0026,1.01371,3.82669,3.35347,-1.84377,0.00111,56.32134,0.03421,0.03419,-0.82682,-0.82683,0.5,Not_seen,Not_seen,Not_seen,ICOP23
11,,,,,,,,,,,,,,,,,,,,,,,,,,,ICOP23
12,,,,,,,,,,,,,,,,,,,,,,,,,,,ICOP23
13,,,,,,,,,,,,,,,,,,,,,,,,,,,ICOP23
14,,,,,,,,,,,,,,,,,,,,,,,,,,,ICOP23
15,,,,,,,,,,,,,,,,,,,,,,,,,,,ICOP23
16,,,,,,,,,,,,,,,,,,,,,,,,,,,ICOP23
17,,,,,,,,,,,,,,,,,,,,,,,,,,,ICOP23
18,,,,,,,,,,,,,,,,,,,,,,,,,,,ICOP23
19,,,,,,,,,,,,,,,,,,,,,,,,,,,ICOP23
20,,,,,,,,,,,,,,,,,,,,,,,,,,,ICOP23
21,,,,,,,,,,,,,,,,,,,,,,,,,,,ICOP23
22,,,,,,,,,,,,,,,,,,,,,,,,,,,ICOP23
23,,,,,,,,,,,,,,,,,,,,,,,,,,,ICOP23
24,,,,,,,,,,,,,,,,,,,,,,,,,,,ICOP23
25,,,,,,,,,,,,,,,,,,,,,,,,,,,ICOP23
26,,,,,,,,,,,,,,,,,,,,,,,,,,,ICOP23
27,,,,,,,,,,,,,,,,,,,,,,,,,,,ICOP23
28,,,,,,,,,,,,,,,,,,,,,,,,,,,ICOP23
29,,,,,,,,,,,,,,,,,,,,,,,,,,,ICOP23
30,,,,,,,,,,,,,,,,,,,,,,,,,,,ICOP23
31,,,,,,,,,,,,,,,,,,,,,,,,,,,ICOP23
32,,,,,,,,,,,,,,,,,,,,,,,,,,,ICOP23
33,,,,,,,,,,,,,,,,,,,,,,,,,,,ICOP23
34,,,,,,,,,,,,,,,,,,,,,,,,,,,ICOP23
35,,,,,,,,,,,,,,,,,,,,,,,,,,,ICOP23
36,,,,,,,,,,,,,,,,,,,,,,,,,,,ICOP23
37,,,,,,,,,,,,,,,,,,,,,,,,,,,ICOP23
38,,,,,,,,,,,,,,,,,,,,,,,,,,,ICOP23
39,,,,,,,,,,,,,,,,,,,,,,,,,,,ICOP23
40,,,,,,,,,,,,,,,,,,,,,,,,,,,ICOP23
41,,,,,,,,,,,,,,,,,,,,,,,,,,,ICOP23
42,,,,,,,,,,,,,,,,,,,,,,,,,,,ICOP23
43,,,,,,,,,,,,,,,,,,,,,,,,,,,ICOP23
44,,,,,,,,,,,,,,,,,,,,,,,,,,,ICOP23
45,,,,,,,,,,,,,,,,,,,,,,,,,,,ICOP23
46,,,,,,,,,,,,,,,,,,,,,,,,,,,ICOP23
47,,,,,,,,,,,,,,,,,,,,,,,,,,,ICOP23
48,,,,,,,,,,,,,,,,,,,,,,,,,,,ICOP23
49,,,,,,,,,,,,,,,,,,,,,,,,,,,ICOP23
50,,,,,,,,,,,,,,,,,,,,,,,,,,,ICOP23
51,,,,,,,,,,,,,,,,,,,,,,,,,,,ICOP23
52,,,,,,,,,,,,,,,,,,,,,,,,,,,ICOP23
53,,,,,,,,,,,,,,,,,,,,,,,,,,,ICOP23
54,,,,,,,,,,,,,,,,,,,,,,,,,,,ICOP23
55,,,,,,,,,,,,,,,,,,,,,,,,,,,ICOP23
56,,,,,,,,,,,,,,,,,,,,,,,,,,,ICOP23
57,,,,,,,,,,,,,,,,,,,,,,,,,,,ICOP23
58,,,,,,,,,,,,,,,,,,,,,,,,,,,ICOP23
59,,,,,,,,,,,,,,,,,,,,,,,,,,,ICOP23
60,,,,,,,,,,,,,,,,,,,,,,,,,,,ICOP23
61,,,,,,,,,,,,,,,,,,,,,,,,,,,ICOP23
62,,,,,,,,,,,,,,,,,,,,,,,,,,,ICOP23
63,,,,,,,,,,,,,,,,,,,,,,,,,,,ICOP23
64,,,,,,,,,,,,,,,,,,,,,,,,,,,ICOP23
65,,,,,,,,,,,,,,,,,,,,,,,,,,,ICOP23
66,,,,,,,,,,,,,,,,,,,,,,,,,,,ICOP23
67,,,,,,,,,,,,,,,,,,,,,,,,,,,ICOP23
68,,,,,,,,,,,,,,,,,,,,,,,,,,,ICOP23
69,,,,,,,,,,,,,,,,,,,,,,,,,,,ICOP23
70,,,,,,,,,,,,,,,,,,,,,,,,,,,ICOP23
71,,,,,,,,,,,,,,,,,,,,,,,,,,,ICOP23
72,,,,,,,,,,,,,,,,,,,,,,,,,,,ICOP23
73,,,,,,,,,,,,,,,,,,,,,,,,,,,ICOP23
74,,,,,,,,,,,,,,,,,,,,,,,,,,,ICOP23
75,,,,,,,,,,,,,,,,,,,,,,,,,,,ICOP23
76,,,,,,,,,,,,,,,,,,,,,,,,,,,ICOP23
77,,,,,,,,,,,,,,,,,,,,,,,,,,,ICOP23
78,,,,,,,,,,,,,,,,,,,,,,,,,,,ICOP23
79,,,,,,,,,,,,,,,,,,,,,,,,,,,ICOP23
80,,,,,,,,,,,,,,,,,,,,,,,,,,,ICOP23
81,,,,,,,,,,,,,,,,,,,,,,,,,,,ICOP23
82,,,,,,,,,,,,,,,,,,,,,,,,,,,ICOP23
83,,,,,,,,,,,,,,,,,,,,,,,,,,,ICOP23
84,,,,,,,,,,,,,,,,,,,,,,,,,,,ICOP23
85,,,,,,,,,,,,,,,,,,,,,,,,,,,ICOP23
86,,,,,,,,,,,,,,,,,,,,,,,,,,,ICOP23
87,,,,,,,,,,,,,,,,,,,,,,,,,,,ICOP23
88,,,,,,,,,,,,,,,,,,,,,,,,,,,ICOP23
89,,,,,,,,,,,,,,,,,,,,,,,,,,,ICOP23
90,,,,,,,,,,,,,,,,,,,,,,,,,,,ICOP23
91,,,,,,,,,,,,,,,,,,,,,,,,,,,ICOP23
92,,,,,,,,,,,,,,,,,,,,,,,,,,,ICOP23
93,,,,,,,,,,,,,,,,,,,,,,,,,,,ICOP23
94,,,,,,,,,,,,,,,,,,,,,,,,,,,ICOP23
95,,,,,,,,,,,,,,,,,,,,,,,,,,,ICOP23
96,,,,,,,,,,,,,,,,,,,,,,,,,,,ICOP23
97,,,,,,,,,,,,,,,,,,,,,,,,,,,ICOP23
98,,,,,,,,,,,,,,,,,,,,,,,,,,,ICOP23
99,,,,,,,,,,,,,,,,,,,,,,,,,,,ICOP23
100,,,,,,,,,,,,,,,,,,,,,,,,,,,ICOP23
101,,,,,,,,,,,,,,,,,,,,,,,,,,,ICOP23
102,,,,,,,,,,,,,,,,,,,,,,,,,,,ICOP23
103,,,,,,,,,,,,,,,,,,,,,,,,,,,ICOP23
104,,,,,,,,,,,,,,,,,,,,,,,,,,,ICOP23
105,,,,,,,,,,,,,,,,,,,,,,,,,,,ICOP23
106,,,,,,,,,,,,,,,,,,,,,,,,,,,ICOP23
107,,,,,,,,,,,,,,,,,,,,,,,,,,,ICOP23
108,,,,,,,,,,,,,,,,,,,,,,,,,,,ICOP23
109,,,,,,,,,,,,,,,,,,,,,,,,,,,ICOP23
110,,,,,,,,,,,,,,,,,,,,,,,,,,,ICOP23
111,,,,,,,,,,,,,,,,,,,,,,,,,,,ICOP23
112,,,,,,,,,,,,,,,,,,,,,,,,,,,ICOP23
113,,,,,,,,,,,,,,,,,,,,,,,,,,,ICOP23
114,,,,,,,,,,,,,,,,,,,,,,,,,,,ICOP23
115,,,,,,,,,,,,,,,,,,,,,,,,,,,ICOP23
116,,,,,,,,,,,,,,,,,,,,,,,,,,,ICOP23
117,,,,,,,,,,,,,,,,,,,,,,,,,,,ICOP23
118,,,,,,,,,,,,,,,,,,,,,,,,,,,ICOP23
119,,,,,,,,,,,,,,,,,,,,,,,,,,,ICOP23
120,,,,,,,,,,,,,,,,,,,,,,,,,,,ICOP23
121,,,,,,,,,,,,,,,,,,,,,,,,,,,ICOP23
122,,,,,,,,,,,,,,,,,,,,,,,,,,,ICOP23
123,,,,,,,,,,,,,,,,,,,,,,,,,,,ICOP23
124,,,,,,,,,,,,,,,,,,,,,,,,,,,ICOP23
125,,,,,,,,,,,,,,,,,,,,,,,,,,,ICOP23
126,,,,,,,,,,,,,,,,,,,,,,,,,,,ICOP23
127,,,,,,,,,,,,,,,,,,,,,,,,,,,ICOP23
128,,,,,,,,,,,,,,,,,,,,,,,,,,,ICOP23
129,,,,,,,,,,,,,,,,,,,,,,,,,,,ICOP23
130,,,,,,,,,,,,,,,,,,,,,,,,,,,ICOP23
131,,,,,,,,,,,,,,,,,,,,,,,,,,,ICOP23
132,,,,,,,,,,,,,,,,,,,,,,,,,,,ICOP23
133,,,,,,,,,,,,,,,,,,,,,,,,,,,ICOP23
134,,,,,,,,,,,,,,,,,,,,,,,,,,,ICOP23
135,,,,,,,,,,,,,,,,,,,,,,,,,,,ICOP23
136,,,,,,,,,,,,,,,,,,,,,,,,,,,ICOP23
137,,,,,,,,,,,,,,,,,,,,,,,,,,,ICOP23
138,,,,,,,,,,,,,,,,,,,,,,,,,,,ICOP23
139,,,,,,,,,,,,,,,,,,,,,,,,,,,ICOP23
140,,,,,,,,,,,,,,,,,,,,,,,,,,,ICOP23
141,,,,,,,,,,,,,,,,,,,,,,,,,,,ICOP23
142,,,,,,,,,,,,,,,,,,,,,,,,,,,ICOP23
143,,,,,,,,,,,,,,,,,,,,,,,,,,,ICOP23
144,,,,,,,,,,,,,,,,,,,,,,,,,,,ICOP23
145,,,,,,,,,,,,,,,,,,,,,,,,,,,ICOP23
146,,,,,,,,,,,,,,,,,,,,,,,,,,,ICOP23
147,,,,,,,,,,,,,,,,,,,,,,,,,,,ICOP23
148,,,,,,,,,,,,,,,,,,,,,,,,,,,ICOP23
149,,,,,,,,,,,,,,,,,,,,,,,,,,,ICOP23
150,,,,,,,,,,,,,,,,,,,,,,,,,,,ICOP23
151,,,,,,,,,,,,,,,,,,,,,,,,,,,ICOP23
152,,,,,,,,,,,,,,,,,,,,,,,,,,,ICOP23
153,,,,,,,,,,,,,,,,,,,,,,,,,,,ICOP23
154,,,,,,,,,,,,,,,,,,,,,,,,,,,ICOP23
155,,,,,,,,,,,,,,,,,,,,,,,,,,,ICOP23
156,,,,,,,,,,,,,,,,,,,,,,,,,,,ICOP23
157,,,,,,,,,,,,,,,,,,,,,,,,,,,ICOP23
158,,,,,,,,,,,,,,,,,,,,,,,,,,,ICOP23
159,,,,,,,,,,,,,,,,,,,,,,,,,,,ICOP23
160,,,,,,,,,,,,,,,,,,,,,,,,,,,ICOP23
161,,,,,,,,,,,,,,,,,,,,,,,,,,,ICOP23
162,,,,,,,,,,,,,,,,,,,,,,,,,,,ICOP23
163,,,,,,,,,,,,,,,,,,,,,,,,,,,ICOP23
164,,,,,,,,,,,,,,,,,,,,,,,,,,,ICOP23
165,,,,,,,,,,,,,,,,,,,,,,,,,,,ICOP23
166,,,,,,,,,,,,,,,,,,,,,,,,,,,ICOP23
167,,,,,,,,,,,,,,,,,,,,,,,,,,,ICOP23
168,,,,,,,,,,,,,,,,,,,,,,,,,,,ICOP23
169,,,,,,,,,,,,,,,,,,,,,,,,,,,ICOP23
170,,,,,,,,,,,,,,,,,,,,,,,,,,,ICOP23
171,,,,,,,,,,,,,,,,,,,,,,,,,,,ICOP23
172,,,,,,,,,,,,,,,,,,,,,,,,,,,ICOP23
173,,,,,,,,,,,,,,,,,,,,,,,,,,,ICOP23
174,,,,,,,,,,,,,,,,,,,,,,,,,,,ICOP23
175,,,,,,,,,,,,,,,,,,,,,,,,,,,ICOP23
176,,,,,,,,,,,,,,,,,,,,,,,,,,,ICOP23
177,,,,,,,,,,,,,,,,,,,,,,,,,,,ICOP23
178,,,,,,,,,,,,,,,,,,,,,,,,,,,ICOP23
179,,,,,,,,,,,,,,,,,,,,,,,,,,,ICOP23
180,,,,,,,,,,,,,,,,,,,,,,,,,,,ICOP23
181,,,,,,,,,,,,,,,,,,,,,,,,,,,ICOP23
182,,,,,,,,,,,,,,,,,,,,,,,,,,,ICOP23
183,,,,,,,,,,,,,,,,,,,,,,,,,,,ICOP23
184,,,,,,,,,,,,,,,,,,,,,,,,,,,ICOP23
185,,,,,,,,,,,,,,,,,,,,,,,,,,,ICOP23
186,,,,,,,,,,,,,,,,,,,,,,,,,,,ICOP23
187,,,,,,,,,,,,,,,,,,,,,,,,,,,ICOP23
188,,,,,,,,,,,,,,,,,,,,,,,,,,,ICOP23
189,,,,,,,,,,,,,,,,,,,,,,,,,,,ICOP23
190,,,,,,,,,,,,,,,,,,,,,,,,,,,ICOP23
191,,,,,,,,,,,,,,,,,,,,,,,,,,,ICOP23
192,,,,,,,,,,,,,,,,,,,,,,,,,,,ICOP23
193,,,,,,,,,,,,,,,,,,,,,,,,,,,ICOP23
194,,,,,,,,,,,,,,,,,,,,,,,,,,,ICOP23
195,,,,,,,,,,,,,,,,,,,,,,,,,,,ICOP23
196,,,,,,,,,,,,,,,,,,,,,,,,,,,ICOP23
197,,,,,,,,,,,,,,,,,,,,,,,,,,,ICOP23
198,,,,,,,,,,,,,,,,,,,,,,,,,,,ICOP23
199,,,,,,,,,,,,,,,,,,,,,,,,,,,ICOP23
200,,,,,,,,,,,,,,,,,,,,,,,,,,,ICOP23
201,,,,,,,,,,,,,,,,,,,,,,,,,,,ICOP23
202,,,,,,,,,,,,,,,,,,,,,,,,,,,ICOP23
203,,,,,,,,,,,,,,,,,,,,,,,,,,,ICOP23
204,,,,,,,,,,,,,,,,,,,,,,,,,,,ICOP23
205,,,,,,,,,,,,,,,,,,,,,,,,,,,ICOP23
206,,,,,,,,,,,,,,,,,,,,,,,,,,,ICOP23
207,,,,,,,,,,,,,,,,,,,,,,,,,,,ICOP23
208,,,,,,,,,,,,,,,,,,,,,,,,,,,ICOP23
209,,,,,,,,,,,,,,,,,,,,,,,,,,,ICOP23
210,,,,,,,,,,,,,,,,,,,,,,,,,,,ICOP23
211,,,,,,,,,,,,,,,,,,,,,,,,,,,ICOP23
212,,,,,,,,,,,,,,,,,,,,,,,,,,,ICOP23
213,,,,,,,,,,,,,,,,,,,,,,,,,,,ICOP23
214,,,,,,,,,,,,,,,,,,,,,,,,,,,ICOP23
215,,,,,,,,,,,,,,,,,,,,,,,,,,,ICOP23
216,,,,,,,,,,,,,,,,,,,,,,,,,,,ICOP23
217,,,,,,,,,,,,,,,,,,,,,,,,,,,ICOP23
218,,,,,,,,,,,,,,,,,,,,,,,,,,,ICOP23
219,,,,,,,,,,,,,,,,,,,,,,,,,,,ICOP23
220,,,,,,,,,,,,,,,,,,,,,,,,,,,ICOP23
221,,,,,,,,,,,,,,,,,,,,,,,,,,,ICOP23
222,,,,,,,,,,,,,,,,,,,,,,,,,,,ICOP23
223,,,,,,,,,,,,,,,,,,,,,,,,,,,ICOP23
224,,,,,,,,,,,,,,,,,,,,,,,,,,,ICOP23
225,,,,,,,,,,,,,,,,,,,,,,,,,,,ICOP23
226,,,,,,,,,,,,,,,,,,,,,,,,,,,ICOP23
227,,,,,,,,,,,,,,,,,,,,,,,,,,,ICOP23
228,,,,,,,,,,,,,,,,,,,,,,,,,,,ICOP23
229,,,,,,,,,,,,,,,,,,,,,,,,,,,ICOP23
230,,,,,,,,,,,,,,,,,,,,,,,,,,,ICOP23
231,,,,,,,,,,,,,,,,,,,,,,,,,,,ICOP23
232,,,,,,,,,,,,,,,,,,,,,,,,,,,ICOP23
233,,,,,,,,,,,,,,,,,,,,,,,,,,,ICOP23
234,,,,,,,,,,,,,,,,,,,,,,,,,,,ICOP23
235,,,,,,,,,,,,,,,,,,,,,,,,,,,ICOP23
236,,,,,,,,,,,,,,,,,,,,,,,,,,,ICOP23
237,,,,,,,,,,,,,,,,,,,,,,,,,,,ICOP23
238,,,,,,,,,,,,,,,,,,,,,,,,,,,ICOP23
239,,,,,,,,,,,,,,,,,,,,,,,,,,,ICOP23
240,,,,,,,,,,,,,,,,,,,,,,,,,,,ICOP23
241,,,,,,,,,,,,,,,,,,,,,,,,,,,ICOP23
242,,,,,,,,,,,,,,,,,,,,,,,,,,,ICOP23
243,,,,,,,,,,,,,,,,,,,,,,,,,,,ICOP23
244,,,,,,,,,,,,,,,,,,,,,,,,,,,ICOP23
245,,,,,,,,,,,,,,,,,,,,,,,,,,,ICOP23
246,,,,,,,,,,,,,,,,,,,,,,,,,,,ICOP23
247,,,,,,,,,,,,,,,,,,,,,,,,,,,ICOP23
248,,,,,,,,,,,,,,,,,,,,,,,,,,,ICOP23
249,,,,,,,,,,,,,,,,,,,,,,,,,,,ICOP23
250,,,,,,,,,,,,,,,,,,,,,,,,,,,ICOP23
251,,,,,,,,,,,,,,,,,,,,,,,,,,,ICOP23
252,,,,,,,,,,,,,,,,,,,,,,,,,,,ICOP23
253,,,,,,,,,,,,,,,,,,,,,,,,,,,ICOP23
254,,,,,,,,,,,,,,,,,,,,,,,,,,,ICOP23
255,,,,,,,,,,,,,,,,,,,,,,,,,,,ICOP23
256,,,,,,,,,,,,,,,,,,,,,,,,,,,ICOP23
257,,,,,,,,,,,,,,,,,,,,,,,,,,,ICOP23
258,,,,,,,,,,,,,,,,,,,,,,,,,,,ICOP23
259,,,,,,,,,,,,,,,,,,,,,,,,,,,ICOP23
260,,,,,,,,,,,,,,,,,,,,,,,,,,,ICOP23
261,,,,,,,,,,,,,,,,,,,,,,,,,,,ICOP23
262,,,,,,,,,,,,,,,,,,,,,,,,,,,ICOP23
263,,,,,,,,,,,,,,,,,,,,,,,,,,,ICOP23
264,,,,,,,,,,,,,,,,,,,,,,,,,,,ICOP23
265,,,,,,,,,,,,,,,,,,,,,,,,,,,ICOP23
266,,,,,,,,,,,,,,,,,,,,,,,,,,,ICOP23
267,,,,,,,,,,,,,,,,,,,,,,,,,,,ICOP23
268,,,,,,,,,,,,,,,,,,,,,,,,,,,ICOP23
269,,,,,,,,,,,,,,,,,,,,,,,,,,,ICOP23
270,,,,,,,,,,,,,,,,,,,,,,,,,,,ICOP23
271,,,,,,,,,,,,,,,,,,,,,,,,,,,ICOP23
272,,,,,,,,,,,,,,,,,,,,,,,,,,,ICOP23
273,,,,,,,,,,,,,,,,,,,,,,,,,,,ICOP23
274,,,,,,,,,,,,,,,,,,,,,,,,,,,ICOP23
275,,,,,,,,,,,,,,,,,,,,,,,,,,,ICOP23
276,,,,,,,,,,,,,,,,,,,,,,,,,,,ICOP23
277,,,,,,,,,,,,,,,,,,,,,,,,,,,ICOP23
278,,,,,,,,,,,,,,,,,,,,,,,,,,,ICOP23
279,,,,,,,,,,,,,,,,,,,,,,,,,,,ICOP23
280,,,,,,,,,,,,,,,,,,,,,,,,,,,ICOP23
281,,,,,,,,,,,,,,,,,,,,,,,,,,,ICOP23
282,,,,,,,,,,,,,,,,,,,,,,,,,,,ICOP23
283,,,,,,,,,,,,,,,,,,,,,,,,,,,ICOP23
284,,,,,,,,,,,,,,,,,,,,,,,,,,,ICOP23
285,,,,,,,,,,,,,,,,,,,,,,,,,,,ICOP23
286,,,,,,,,,,,,,,,,,,,,,,,,,,,ICOP23
287,,,,,,,,,,,,,,,,,,,,,,,,,,,ICOP23
288,,,,,,,,,,,,,,,,,,,,,,,,,,,ICOP23
289,,,,,,,,,,,,,,,,,,,,,,,,,,,ICOP23
290,,,,,,,,,,,,,,,,,,,,,,,,,,,ICOP23
291,,,,,,,,,,,,,,,,,,,,,,,,,,,ICOP23
292,,,,,,,,,,,,,,,,,,,,,,,,,,,ICOP23
293,,,,,,,,,,,,,,,,,,,,,,,,,,,ICOP23
294,,,,,,,,,,,,,,,,,,,,,,,,,,,ICOP23
295,,,,,,,,,,,,,,,,,,,,,,,,,,,ICOP23
296,,,,,,,,,,,,,,,,,,,,,,,,,,,ICOP23
297,,,,,,,,,,,,,,,,,,,,,,,,,,,ICOP23
298,,,,,,,,,,,,,,,,,,,,,,,,,,,ICOP23
299,,,,,,,,,,,,,,,,,,,,,,,,,,,ICOP23
300,,,,,,,,,,,,,,,,,,,,,,,,,,,ICOP23
301,,,,,,,,,,,,,,,,,,,,,,,,,,,ICOP23
302,,,,,,,,,,,,,,,,,,,,,,,,,,,ICOP23
303,,,,,,,,,,,,,,,,,,,,,,,,,,,ICOP23
304,,,,,,,,,,,,,,,,,,,,,,,,,,,ICOP23
305,,,,,,,,,,,,,,,,,,,,,,,,,,,ICOP23
306,,,,,,,,,,,,,,,,,,,,,,,,,,,ICOP23
307,,,,,,,,,,,,,,,,,,,,,,,,,,,ICOP23
308,,,,,,,,,,,,,,,,,,,,,,,,,,,ICOP23
309,,,,,,,,,,,,,,,,,,,,,,,,,,,ICOP23
310,,,,,,,,,,,,,,,,,,,,,,,,,,,ICOP23
311,,,,,,,,,,,,,,,,,,,,,,,,,,,ICOP23
312,,,,,,,,,,,,,,,,,,,,,,,,,,,ICOP23
313,,,,,,,,,,,,,,,,,,,,,,,,,,,ICOP23
314,,,,,,,,,,,,,,,,,,,,,,,,,,,ICOP23
315,,,,,,,,,,,,,,,,,,,,,,,,,,,ICOP23
316,,,,,,,,,,,,,,,,,,,,,,,,,,,ICOP23
317,,,,,,,,,,,,,,,,,,,,,,,,,,,ICOP23
318,,,,,,,,,,,,,,,,,,,,,,,,,,,ICOP23
319,,,,,,,,,,,,,,,,,,,,,,,,,,,ICOP23
320,,,,,,,,,,,,,,,,,,,,,,,,,,,ICOP23
321,,,,,,,,,,,,,,,,,,,,,,,,,,,ICOP23
322,,,,,,,,,,,,,,,,,,,,,,,,,,,ICOP23
323,,,,,,,,,,,,,,,,,,,,,,,,,,,ICOP23
324,,,,,,,,,,,,,,,,,,,,,,,,,,,ICOP23
325,,,,,,,,,,,,,,,,,,,,,,,,,,,ICOP23
326,,,,,,,,,,,,,,,,,,,,,,,,,,,ICOP23
327,,,,,,,,,,,,,,,,,,,,,,,,,,,ICOP23
328,,,,,,,,,,,,,,,,,,,,,,,,,,,ICOP23
329,,,,,,,,,,,,,,,,,,,,,,,,,,,ICOP23
330,,,,,,,,,,,,,,,,,,,,,,,,,,,ICOP23
331,,,,,,,,,,,,,,,,,,,,,,,,,,,ICOP23
332,,,,,,,,,,,,,,,,,,,,,,,,,,,ICOP23
333,,,,,,,,,,,,,,,,,,,,,,,,,,,ICOP23
334,,,,,,,,,,,,,,,,,,,,,,,,,,,ICOP23
335,,,,,,,,,,,,,,,,,,,,,,,,,,,ICOP23
336,,,,,,,,,,,,,,,,,,,,,,,,,,,ICOP23
337,,,,,,,,,,,,,,,,,,,,,,,,,,,ICOP23
338,,,,,,,,,,,,,,,,,,,,,,,,,,,ICOP23
339,,,,,,,,,,,,,,,,,,,,,,,,,,,ICOP23
340,,,,,,,,,,,,,,,,,,,,,,,,,,,ICOP23
341,,,,,,,,,,,,,,,,,,,,,,,,,,,ICOP23
342,,,,,,,,,,,,,,,,,,,,,,,,,,,ICOP23
343,,,,,,,,,,,,,,,,,,,,,,,,,,,ICOP23
344,,,,,,,,,,,,,,,,,,,,,,,,,,,ICOP23
345,,,,,,,,,,,,,,,,,,,,,,,,,,,ICOP23
346,,,,,,,,,,,,,,,,,,,,,,,,,,,ICOP23
347,,,,,,,,,,,,,,,,,,,,,,,,,,,ICOP23
348,,,,,,,,,,,,,,,,,,,,,,,,,,,ICOP23
349,,,,,,,,,,,,,,,,,,,,,,,,,,,ICOP23
350,,,,,,,,,,,,,,,,,,,,,,,,,,,ICOP23
351,,,,,,,,,,,,,,,,,,,,,,,,,,,ICOP23
352,,,,,,,,,,,,,,,,,,,,,,,,,,,ICOP23
353,,,,,,,,,,,,,,,,,,,,,,,,,,,ICOP23
354,,,,,,,,,,,,,,,,,,,,,,,,,,,ICOP23
355,,,,,,,,,,,,,,,,,,,,,,,,,,,ICOP23
356,,,,,,,,,,,,,,,,,,,,,,,,,,,ICOP23
357,,,,,,,,,,,,,,,,,,,,,,,,,,,ICOP23
358,,,,,,,,,,,,,,,,,,,,,,,,,,,ICOP23
359,,,,,,,,,,,,,,,,,,,,,,,,,,,ICOP23
360,,,,,,,,,,,,,,,,,,,,,,,,,,,ICOP23
361,,,,,,,,,,,,,,,,,,,,,,,,,,,ICOP23
362,,,,,,,,,,,,,,,,,,,,,,,,,,,ICOP23
363,,,,,,,,,,,,,,,,,,,,,,,,,,,ICOP23
364,,,,,,,,,,,,,,,,,,,,,,,,,,,ICOP23
365,,,,,,,,,,,,,,,,,,,,,,,,,,,ICOP23
366,,,,,,,,,,,,,,,,,,,,,,,,,,,ICOP23
367,,,,,,,,,,,,,,,,,,,,,,,,,,,ICOP23
368,,,,,,,,,,,,,,,,,,,,,,,,,,,ICOP23
369,,,,,,,,,,,,,,,,,,,,,,,,,,,ICOP23
370,,,,,,,,,,,,,,,,,,,,,,,,,,,ICOP23
371,,,,,,,,,,,,,,,,,,,,,,,,,,,ICOP23
372,,,,,,,,,,,,,,,,,,,,,,,,,,,ICOP23
373,,,,,,,,,,,,,,,,,,,,,,,,,,,ICOP23
374,,,,,,,,,,,,,,,,,,,,,,,,,,,ICOP23
375,,,,,,,,,,,,,,,,,,,,,,,,,,,ICOP23
376,,,,,,,,,,,,,,,,,,,,,,,,,,,ICOP23
377,,,,,,,,,,,,,,,,,,,,,,,,,,,ICOP23
378,,,,,,,,,,,,,,,,,,,,,,,,,,,ICOP23
379,,,,,,,,,,,,,,,,,,,,,,,,,,,ICOP23
380,,,,,,,,,,,,,,,,,,,,,,,,,,,ICOP23
381,,,,,,,,,,,,,,,,,,,,,,,,,,,ICOP23
382,,,,,,,,,,,,,,,,,,,,,,,,,,,ICOP23
383,,,,,,,,,,,,,,,,,,,,,,,,,,,ICOP23
384,,,,,,,,,,,,,,,,,,,,,,,,,,,ICOP23
385,,,,,,,,,,,,,,,,,,,,,,,,,,,ICOP23
386,,,,,,,,,,,,,,,,,,,,,,,,,,,ICOP23
387,,,,,,,,,,,,,,,,,,,,,,,,,,,ICOP23
388,,,,,,,,,,,,,,,,,,,,,,,,,,,ICOP23
389,,,,,,,,,,,,,,,,,,,,,,,,,,,ICOP23
390,,,,,,,,,,,,,,,,,,,,,,,,,,,ICOP23
391,,,,,,,,,,,,,,,,,,,,,,,,,,,ICOP23
392,,,,,,,,,,,,,,,,,,,,,,,,,,,ICOP23
393,,,,,,,,,,,,,,,,,,,,,,,,,,,ICOP23
394,,,,,,,,,,,,,,,,,,,,,,,,,,,ICOP23
395,,,,,,,,,,,,,,,,,,,,,,,,,,,ICOP23
396,,,,,,,,,,,,,,,,,,,,,,,,,,,ICOP23
397,,,,,,,,,,,,,,,,,,,,,,,,,,,ICOP23
398,,,,,,,,,,,,,,,,,,,,,,,,,,,ICOP23
399,,,,,,,,,,,,,,,,,,,,,,,,,,,ICOP23
400,,,,,,,,,,,,,,,,,,,,,,,,,,,ICOP23
401,,,,,,,,,,,,,,,,,,,,,,,,,,,ICOP23
402,,,,,,,,,,,,,,,,,,,,,,,,,,,ICOP23
403,,,,,,,,,,,,,,,,,,,,,,,,,,,ICOP23
404,,,,,,,,,,,,,,,,,,,,,,,,,,,ICOP23
405,,,,,,,,,,,,,,,,,,,,,,,,,,,ICOP23
406,,,,,,,,,,,,,,,,,,,,,,,,,,,ICOP23
407,,,,,,,,,,,,,,,,,,,,,,,,,,,ICOP23
408,,,,,,,,,,,,,,,,,,,,,,,,,,,ICOP23
409,,,,,,,,,,,,,,,,,,,,,,,,,,,ICOP23
410,,,,,,,,,,,,,,,,,,,,,,,,,,,ICOP23
411,,,,,,,,,,,,,,,,,,,,,,,,,,,ICOP23
412,,,,,,,,,,,,,,,,,,,,,,,,,,,ICOP23
413,,,,,,,,,,,,,,,,,,,,,,,,,,,ICOP23
414,,,,,,,,,,,,,,,,,,,,,,,,,,,ICOP23
415,,,,,,,,,,,,,,,,,,,,,,,,,,,ICOP23
416,,,,,,,,,,,,,,,,,,,,,,,,,,,ICOP23
417,,,,,,,,,,,,,,,,,,,,,,,,,,,ICOP23
418,,,,,,,,,,,,,,,,,,,,,,,,,,,ICOP23
419,,,,,,,,,,,,,,,,,,,,,,,,,,,ICOP23
420,,,,,,,,,,,,,,,,,,,,,,,,,,,ICOP23
421,,,,,,,,,,,,,,,,,,,,,,,,,,,ICOP23
422,,,,,,,,,,,,,,,,,,,,,,,,,,,ICOP23
423,,,,,,,,,,,,,,,,,,,,,,,,,,,ICOP23
424,,,,,,,,,,,,,,,,,,,,,,,,,,,ICOP23
425,,,,,,,,,,,,,,,,,,,,,,,,,,,ICOP23
426,,,,,,,,,,,,,,,,,,,,,,,,,,,ICOP23
427,,,,,,,,,,,,,,,,,,,,,,,,,,,ICOP23
428,,,,,,,,,,,,,,,,,,,,,,,,,,,ICOP23
429,,,,,,,,,,,,,,,,,,,,,,,,,,,ICOP23
430,,,,,,,,,,,,,,,,,,,,,,,,,,,ICOP23
431,,,,,,,,,,,,,,,,,,,,,,,,,,,ICOP23
432,,,,,,,,,,,,,,,,,,,,,,,,,,,ICOP23
433,,,,,,,,,,,,,,,,,,,,,,,,,,,ICOP23
434,,,,,,,,,,,,,,,,,,,,,,,,,,,ICOP23
435,,,,,,,,,,,,,,,,,,,,,,,,,,,ICOP23
436,,,,,,,,,,,,,,,,,,,,,,,,,,,ICOP23
437,,,,,,,,,,,,,,,,,,,,,,,,,,,ICOP23
438,,,,,,,,,,,,,,,,,,,,,,,,,,,ICOP23
439,,,,,,,,,,,,,,,,,,,,,,,,,,,ICOP23
440,,,,,,,,,,,,,,,,,,,,,,,,,,,ICOP23
441,,,,,,,,,,,,,,,,,,,,,,,,,,,ICOP23
442,,,,,,,,,,,,,,,,,,,,,,,,,,,ICOP23
443,,,,,,,,,,,,,,,,,,,,,,,,,,,ICOP23
444,,,,,,,,,,,,,,,,,,,,,,,,,,,ICOP23
445,,,,,,,,,,,,,,,,,,,,,,,,,,,ICOP23
446,,,,,,,,,,,,,,,,,,,,,,,,,,,ICOP23
447,,,,,,,,,,,,,,,,,,,,,,,,,,,ICOP23
448,,,,,,,,,,,,,,,,,,,,,,,,,,,ICOP23
449,,,,,,,,,,,,,,,,,,,,,,,,,,,ICOP23
450,,,,,,,,,,,,,,,,,,,,,,,,,,,ICOP23
451,,,,,,,,,,,,,,,,,,,,,,,,,,,ICOP23
452,,,,,,,,,,,,,,,,,,,,,,,,,,,ICOP23
453,,,,,,,,,,,,,,,,,,,,,,,,,,,ICOP23
454,,,,,,,,,,,,,,,,,,,,,,,,,,,ICOP23
455,,,,,,,,,,,,,,,,,,,,,,,,,,,ICOP23
456,,,,,,,,,,,,,,,,,,,,,,,,,,,ICOP23
457,,,,,,,,,,,,,,,,,,,,,,,,,,,ICOP23
458,,,,,,,,,,,,,,,,,,,,,,,,,,,ICOP23
459,,,,,,,,,,,,,,,,,,,,,,,,,,,ICOP23
460,,,,,,,,,,,,,,,,,,,,,,,,,,,ICOP23
461,,,,,,,,,,,,,,,,,,,,,,,,,,,ICOP23
462,,,,,,,,,,,,,,,,,,,,,,,,,,,ICOP23
463,,,,,,,,,,,,,,,,,,,,,,,,,,,ICOP23
464,,,,,,,,,,,,,,,,,,,,,,,,,,,ICOP23
465,,,,,,,,,,,,,,,,,,,,,,,,,,,ICOP23
466,,,,,,,,,,,,,,,,,,,,,,,,,,,ICOP23
467,,,,,,,,,,,,,,,,,,,,,,,,,,,ICOP23
468,,,,,,,,,,,,,,,,,,,,,,,,,,,ICOP23
469,,,,,,,,,,,,,,,,,,,,,,,,,,,ICOP23
470,,,,,,,,,,,,,,,,,,,,,,,,,,,ICOP23
471,,,,,,,,,,,,,,,,,,,,,,,,,,,ICOP23
472,,,,,,,,,,,,,,,,,,,,,,,,,,,ICOP23
473,,,,,,,,,,,,,,,,,,,,,,,,,,,ICOP23
474,,,,,,,,,,,,,,,,,,,,,,,,,,,ICOP23
475,,,,,,,,,,,,,,,,,,,,,,,,,,,ICOP23
476,,,,,,,,,,,,,,,,,,,,,,,,,,,ICOP23
477,,,,,,,,,,,,,,,,,,,,,,,,,,,ICOP23
478,,,,,,,,,,,,,,,,,,,,,,,,,,,ICOP23
479,,,,,,,,,,,,,,,,,,,,,,,,,,,ICOP23
480,,,,,,,,,,,,,,,,,,,,,,,,,,,ICOP23
481,,,,,,,,,,,,,,,,,,,,,,,,,,,ICOP23
482,,,,,,,,,,,,,,,,,,,,,,,,,,,ICOP23
483,,,,,,,,,,,,,,,,,,,,,,,,,,,ICOP23
484,,,,,,,,,,,,,,,,,,,,,,,,,,,ICOP23
485,,,,,,,,,,,,,,,,,,,,,,,,,,,ICOP23
486,,,,,,,,,,,,,,,,,,,,,,,,,,,ICOP23
487,,,,,,,,,,,,,,,,,,,,,,,,,,,ICOP23
488,,,,,,,,,,,,,,,,,,,,,,,,,,,ICOP23
489,,,,,,,,,,,,,,,,,,,,,,,,,,,ICOP23
490,,,,,,,,,,,,,,,,,,,,,,,,,,,ICOP23
491,,,,,,,,,,,,,,,,,,,,,,,,,,,ICOP23
492,,,,,,,,,,,,,,,,,,,,,,,,,,,ICOP23
493,,,,,,,,,,,,,,,,,,,,,,,,,,,ICOP23
494,,,,,,,,,,,,,,,,,,,,,,,,,,,ICOP23
495,,,,,,,,,,,,,,,,,,,,,,,,,,,ICOP23
496,,,,,,,,,,,,,,,,,,,,,,,,,,,ICOP23
497,,,,,,,,,,,,,,,,,,,,,,,,,,,ICOP23
498,,,,,,,,,,,,,,,,,,,,,,,,,,,ICOP23
499,,,,,,,,,,,,,,,,,,,,,,,,,,,ICOP23
500,,,,,,,,,,,,,,,,,,,,,,,,,,,ICOP23
501,,,,,,,,,,,,,,,,,,,,,,,,,,,ICOP23
502,,,,,,,,,,,,,,,,,,,,,,,,,,,ICOP23
503,,,,,,,,,,,,,,,,,,,,,,,,,,,ICOP23
504,,,,,,,,,,,,,,,,,,,,,,,,,,,ICOP23
505,,,,,,,,,,,,,,,,,,,,,,,,,,,ICOP23
506,,,,,,,,,,,,,,,,,,,,,,,,,,,ICOP23
507,,,,,,,,,,,,,,,,,,,,,,,,,,,ICOP23
508,,,,,,,,,,,,,,,,,,,,,,,,,,,ICOP23
509,,,,,,,,,,,,,,,,,,,,,,,,,,,ICOP23
510,,,,,,,,,,,,,,,,,,,,,,,,,,,ICOP23
511,,,,,,,,,,,,,,,,,,,,,,,,,,,ICOP23
512,,,,,,,,,,,,,,,,,,,,,,,,,,,ICOP23
513,,,,,,,,,,,,,,,,,,,,,,,,,,,ICOP23
514,,,,,,,,,,,,,,,,,,,,,,,,,,,ICOP23
515,,,,,,,,,,,,,,,,,,,,,,,,,,,ICOP23
516,,,,,,,,,,,,,,,,,,,,,,,,,,,ICOP23
517,,,,,,,,,,,,,,,,,,,,,,,,,,,ICOP23
518,,,,,,,,,,,,,,,,,,,,,,,,,,,ICOP23
519,,,,,,,,,,,,,,,,,,,,,,,,,,,ICOP23
520,,,,,,,,,,,,,,,,,,,,,,,,,,,ICOP23
521,,,,,,,,,,,,,,,,,,,,,,,,,,,ICOP23
522,,,,,,,,,,,,,,,,,,,,,,,,,,,ICOP23
523,,,,,,,,,,,,,,,,,,,,,,,,,,,ICOP23
524,,,,,,,,,,,,,,,,,,,,,,,,,,,ICOP23
525,,,,,,,,,,,,,,,,,,,,,,,,,,,ICOP23
526,,,,,,,,,,,,,,,,,,,,,,,,,,,ICOP23
527,,,,,,,,,,,,,,,,,,,,,,,,,,,ICOP23
528,,,,,,,,,,,,,,,,,,,,,,,,,,,ICOP23
529,,,,,,,,,,,,,,,,,,,,,,,,,,,ICOP23
530,,,,,,,,,,,,,,,,,,,,,,,,,,,ICOP23
531,,,,,,,,,,,,,,,,,,,,,,,,,,,ICOP23
532,,,,,,,,,,,,,,,,,,,,,,,,,,,ICOP23
533,,,,,,,,,,,,,,,,,,,,,,,,,,,ICOP23
534,,,,,,,,,,,,,,,,,,,,,,,,,,,ICOP23
535,,,,,,,,,,,,,,,,,,,,,,,,,,,ICOP23
536,,,,,,,,,,,,,,,,,,,,,,,,,,,ICOP23
537,,,,,,,,,,,,,,,,,,,,,,,,,,,ICOP23
538,,,,,,,,,,,,,,,,,,,,,,,,,,,ICOP23
539,,,,,,,,,,,,,,,,,,,,,,,,,,,ICOP23
540,,,,,,,,,,,,,,,,,,,,,,,,,,,ICOP23
541,,,,,,,,,,,,,,,,,,,,,,,,,,,ICOP23
542,,,,,,,,,,,,,,,,,,,,,,,,,,,ICOP23
543,,,,,,,,,,,,,,,,,,,,,,,,,,,ICOP23
544,,,,,,,,,,,,,,,,,,,,,,,,,,,ICOP23
545,,,,,,,,,,,,,,,,,,,,,,,,,,,ICOP23
546,,,,,,,,,,,,,,,,,,,,,,,,,,,ICOP23
547,,,,,,,,,,,,,,,,,,,,,,,,,,,ICOP23
548,,,,,,,,,,,,,,,,,,,,,,,,,,,ICOP23
549,,,,,,,,,,,,,,,,,,,,,,,,,,,ICOP23
550,,,,,,,,,,,,,,,,,,,,,,,,,,,ICOP23
551,,,,,,,,,,,,,,,,,,,,,,,,,,,ICOP23
552,,,,,,,,,,,,,,,,,,,,,,,,,,,ICOP23
553,,,,,,,,,,,,,,,,,,,,,,,,,,,ICOP23
554,,,,,,,,,,,,,,,,,,,,,,,,,,,ICOP23
555,,,,,,,,,,,,,,,,,,,,,,,,,,,ICOP23
556,,,,,,,,,,,,,,,,,,,,,,,,,,,ICOP23
557,,,,,,,,,,,,,,,,,,,,,,,,,,,ICOP23
558,,,,,,,,,,,,,,,,,,,,,,,,,,,ICOP23
559,,,,,,,,,,,,,,,,,,,,,,,,,,,ICOP23
560,,,,,,,,,,,,,,,,,,,,,,,,,,,ICOP23
561,,,,,,,,,,,,,,,,,,,,,,,,,,,ICOP23
562,,,,,,,,,,,,,,,,,,,,,,,,,,,ICOP23
563,,,,,,,,,,,,,,,,,,,,,,,,,,,ICOP23
564,,,,,,,,,,,,,,,,,,,,,,,,,,,ICOP23
565,,,,,,,,,,,,,,,,,,,,,,,,,,,ICOP23
566,,,,,,,,,,,,,,,,,,,,,,,,,,,ICOP23
567,,,,,,,,,,,,,,,,,,,,,,,,,,,ICOP23
568,,,,,,,,,,,,,,,,,,,,,,,,,,,ICOP23
569,,,,,,,,,,,,,,,,,,,,,,,,,,,ICOP23
570,,,,,,,,,,,,,,,,,,,,,,,,,,,ICOP23
571,,,,,,,,,,,,,,,,,,,,,,,,,,,ICOP23
572,,,,,,,,,,,,,,,,,,,,,,,,,,,ICOP23
573,,,,,,,,,,,,,,,,,,,,,,,,,,,ICOP23
574,,,,,,,,,,,,,,,,,,,,,,,,,,,ICOP23
575,,,,,,,,,,,,,,,,,,,,,,,,,,,ICOP23
576,,,,,,,,,,,,,,,,,,,,,,,,,,,ICOP23
577,,,,,,,,,,,,,,,,,,,,,,,,,,,ICOP23
578,,,,,,,,,,,,,,,,,,,,,,,,,,,ICOP23
579,,,,,,,,,,,,,,,,,,,,,,,,,,,ICOP23
580,,,,,,,,,,,,,,,,,,,,,,,,,,,ICOP23
581,,,,,,,,,,,,,,,,,,,,,,,,,,,ICOP23
582,,,,,,,,,,,,,,,,,,,,,,,,,,,ICOP23
583,,,,,,,,,,,,,,,,,,,,,,,,,,,ICOP23
584,,,,,,,,,,,,,,,,,,,,,,,,,,,ICOP23
585,,,,,,,,,,,,,,,,,,,,,,,,,,,ICOP23
586,,,,,,,,,,,,,,,,,,,,,,,,,,,ICOP23
587,,,,,,,,,,,,,,,,,,,,,,,,,,,ICOP23
588,,,,,,,,,,,,,,,,,,,,,,,,,,,ICOP23
589,,,,,,,,,,,,,,,,,,,,,,,,,,,ICOP23
590,,,,,,,,,,,,,,,,,,,,,,,,,,,ICOP23
591,,,,,,,,,,,,,,,,,,,,,,,,,,,ICOP23
592,,,,,,,,,,,,,,,,,,,,,,,,,,,ICOP23
593,,,,,,,,,,,,,,,,,,,,,,,,,,,ICOP23
594,,,,,,,,,,,,,,,,,,,,,,,,,,,ICOP23
595,,,,,,,,,,,,,,,,,,,,,,,,,,,ICOP23
596,,,,,,,,,,,,,,,,,,,,,,,,,,,ICOP23
597,,,,,,,,,,,,,,,,,,,,,,,,,,,ICOP23
598,,,,,,,,,,,,,,,,,,,,,,,,,,,ICOP23
599,,,,,,,,,,,,,,,,,,,,,,,,,,,ICOP23
600,,,,,,,,,,,,,,,,,,,,,,,,,,,ICOP23
601,,,,,,,,,,,,,,,,,,,,,,,,,,,ICOP23
602,,,,,,,,,,,,,,,,,,,,,,,,,,,ICOP23
603,,,,,,,,,,,,,,,,,,,,,,,,,,,ICOP23
604,,,,,,,,,,,,,,,,,,,,,,,,,,,ICOP23
605,,,,,,,,,,,,,,,,,,,,,,,,,,,ICOP23
606,,,,,,,,,,,,,,,,,,,,,,,,,,,ICOP23
607,,,,,,,,,,,,,,,,,,,,,,,,,,,ICOP23
608,,,,,,,,,,,,,,,,,,,,,,,,,,,ICOP23
609,,,,,,,,,,,,,,,,,,,,,,,,,,,ICOP23
610,,,,,,,,,,,,,,,,,,,,,,,,,,,ICOP23
611,,,,,,,,,,,,,,,,,,,,,,,,,,,ICOP23
612,,,,,,,,,,,,,,,,,,,,,,,,,,,ICOP23
613,,,,,,,,,,,,,,,,,,,,,,,,,,,ICOP23
614,,,,,,,,,,,,,,,,,,,,,,,,,,,ICOP23
615,,,,,,,,,,,,,,,,,,,,,,,,,,,ICOP23
616,,,,,,,,,,,,,,,,,,,,,,,,,,,ICOP23
617,,,,,,,,,,,,,,,,,,,,,,,,,,,ICOP23
618,,,,,,,,,,,,,,,,,,,,,,,,,,,ICOP23
619,,,,,,,,,,,,,,,,,,,,,,,,,,,ICOP23
620,,,,,,,,,,,,,,,,,,,,,,,,,,,ICOP23
621,,,,,,,,,,,,,,,,,,,,,,,,,,,ICOP23
622,,,,,,,,,,,,,,,,,,,,,,,,,,,ICOP23
623,,,,,,,,,,,,,,,,,,,,,,,,,,,ICOP23
624,,,,,,,,,,,,,,,,,,,,,,,,,,,ICOP23
625,,,,,,,,,,,,,,,,,,,,,,,,,,,ICOP23
626,,,,,,,,,,,,,,,,,,,,,,,,,,,ICOP23
627,,,,,,,,,,,,,,,,,,,,,,,,,,,ICOP23
628,,,,,,,,,,,,,,,,,,,,,,,,,,,ICOP23
629,,,,,,,,,,,,,,,,,,,,,,,,,,,ICOP23
630,,,,,,,,,,,,,,,,,,,,,,,,,,,ICOP23
631,,,,,,,,,,,,,,,,,,,,,,,,,,,ICOP23
632,,,,,,,,,,,,,,,,,,,,,,,,,,,ICOP23
633,,,,,,,,,,,,,,,,,,,,,,,,,,,ICOP23
634,,,,,,,,,,,,,,,,,,,,,,,,,,,ICOP23
635,,,,,,,,,,,,,,,,,,,,,,,,,,,ICOP23
636,,,,,,,,,,,,,,,,,,,,,,,,,,,ICOP23
637,,,,,,,,,,,,,,,,,,,,,,,,,,,ICOP23
638,,,,,,,,,,,,,,,,,,,,,,,,,,,ICOP23
639,,,,,,,,,,,,,,,,,,,,,,,,,,,ICOP23
640,,,,,,,,,,,,,,,,,,,,,,,,,,,ICOP23
641,,,,,,,,,,,,,,,,,,,,,,,,,,,ICOP23
642,,,,,,,,,,,,,,,,,,,,,,,,,,,ICOP23
643,,,,,,,,,,,,,,,,,,,,,,,,,,,ICOP23
644,,,,,,,,,,,,,,,,,,,,,,,,,,,ICOP23
645,,,,,,,,,,,,,,,,,,,,,,,,,,,ICOP23
646,,,,,,,,,,,,,,,,,,,,,,,,,,,ICOP23
647,,,,,,,,,,,,,,,,,,,,,,,,,,,ICOP23
648,,,,,,,,,,,,,,,,,,,,,,,,,,,ICOP23
649,,,,,,,,,,,,,,,,,,,,,,,,,,,ICOP23
650,,,,,,,,,,,,,,,,,,,,,,,,,,,ICOP23
651,,,,,,,,,,,,,,,,,,,,,,,,,,,ICOP23
652,,,,,,,,,,,,,,,,,,,,,,,,,,,ICOP23
653,,,,,,,,,,,,,,,,,,,,,,,,,,,ICOP23
654,,,,,,,,,,,,,,,,,,,,,,,,,,,ICOP23
655,,,,,,,,,,,,,,,,,,,,,,,,,,,ICOP23
656,,,,,,,,,,,,,,,,,,,,,,,,,,,ICOP23
657,,,,,,,,,,,,,,,,,,,,,,,,,,,ICOP23
658,,,,,,,,,,,,,,,,,,,,,,,,,,,ICOP23
659,,,,,,,,,,,,,,,,,,,,,,,,,,,ICOP23
660,,,,,,,,,,,,,,,,,,,,,,,,,,,ICOP23
661,,,,,,,,,,,,,,,,,,,,,,,,,,,ICOP23
662,,,,,,,,,,,,,,,,,,,,,,,,,,,ICOP23
663,,,,,,,,,,,,,,,,,,,,,,,,,,,ICOP23
664,,,,,,,,,,,,,,,,,,,,,,,,,,,ICOP23
665,,,,,,,,,,,,,,,,,,,,,,,,,,,ICOP23
666,,,,,,,,,,,,,,,,,,,,,,,,,,,ICOP23
667,,,,,,,,,,,,,,,,,,,,,,,,,,,ICOP23
668,,,,,,,,,,,,,,,,,,,,,,,,,,,ICOP23
669,,,,,,,,,,,,,,,,,,,,,,,,,,,ICOP23
670,,,,,,,,,,,,,,,,,,,,,,,,,,,ICOP23
671,,,,,,,,,,,,,,,,,,,,,,,,,,,ICOP23
672,,,,,,,,,,,,,,,,,,,,,,,,,,,ICOP23
673,,,,,,,,,,,,,,,,,,,,,,,,,,,ICOP23
674,,,,,,,,,,,,,,,,,,,,,,,,,,,ICOP23
675,,,,,,,,,,,,,,,,,,,,,,,,,,,ICOP23
676,,,,,,,,,,,,,,,,,,,,,,,,,,,ICOP23
677,,,,,,,,,,,,,,,,,,,,,,,,,,,ICOP23
678,,,,,,,,,,,,,,,,,,,,,,,,,,,ICOP23
679,,,,,,,,,,,,,,,,,,,,,,,,,,,ICOP23
680,,,,,,,,,,,,,,,,,,,,,,,,,,,ICOP23
681,,,,,,,,,,,,,,,,,,,,,,,,,,,ICOP23
682,,,,,,,,,,,,,,,,,,,,,,,,,,,ICOP23
683,,,,,,,,,,,,,,,,,,,,,,,,,,,ICOP23
684,,,,,,,,,,,,,,,,,,,,,,,,,,,ICOP23
685,,,,,,,,,,,,,,,,,,,,,,,,,,,ICOP23
686,,,,,,,,,,,,,,,,,,,,,,,,,,,ICOP23
687,,,,,,,,,,,,,,,,,,,,,,,,,,,ICOP23
688,,,,,,,,,,,,,,,,,,,,,,,,,,,ICOP23
689,,,,,,,,,,,,,,,,,,,,,,,,,,,ICOP23
690,,,,,,,,,,,,,,,,,,,,,,,,,,,ICOP23
691,,,,,,,,,,,,,,,,,,,,,,,,,,,ICOP23
692,,,,,,,,,,,,,,,,,,,,,,,,,,,ICOP23
693,,,,,,,,,,,,,,,,,,,,,,,,,,,ICOP23
694,,,,,,,,,,,,,,,,,,,,,,,,,,,ICOP23
695,,,,,,,,,,,,,,,,,,,,,,,,,,,ICOP23
696,,,,,,,,,,,,,,,,,,,,,,,,,,,ICOP23
697,,,,,,,,,,,,,,,,,,,,,,,,,,,ICOP23
698,,,,,,,,,,,,,,,,,,,,,,,,,,,ICOP23
699,,,,,,,,,,,,,,,,,,,,,,,,,,,ICOP23
700,,,,,,,,,,,,,,,,,,,,,,,,,,,ICOP23
701,,,,,,,,,,,,,,,,,,,,,,,,,,,ICOP23
702,,,,,,,,,,,,,,,,,,,,,,,,,,,ICOP23
703,,,,,,,,,,,,,,,,,,,,,,,,,,,ICOP23
704,,,,,,,,,,,,,,,,,,,,,,,,,,,ICOP23
705,,,,,,,,,,,,,,,,,,,,,,,,,,,ICOP23
706,,,,,,,,,,,,,,,,,,,,,,,,,,,ICOP23
707,,,,,,,,,,,,,,,,,,,,,,,,,,,ICOP23
708,,,,,,,,,,,,,,,,,,,,,,,,,,,ICOP23
709,,,,,,,,,,,,,,,,,,,,,,,,,,,ICOP23
710,,,,,,,,,,,,,,,,,,,,,,,,,,,ICOP23
711,,,,,,,,,,,,,,,,,,,,,,,,,,,ICOP23
712,,,,,,,,,,,,,,,,,,,,,,,,,,,ICOP23
713,,,,,,,,,,,,,,,,,,,,,,,,,,,ICOP23
714,,,,,,,,,,,,,,,,,,,,,,,,,,,ICOP23
715,,,,,,,,,,,,,,,,,,,,,,,,,,,ICOP23
716,,,,,,,,,,,,,,,,,,,,,,,,,,,ICOP23
717,,,,,,,,,,,,,,,,,,,,,,,,,,,ICOP23
718,,,,,,,,,,,,,,,,,,,,,,,,,,,ICOP23
719,,,,,,,,,,,,,,,,,,,,,,,,,,,ICOP23
720,,,,,,,,,,,,,,,,,,,,,,,,,,,ICOP23
721,,,,,,,,,,,,,,,,,,,,,,,,,,,ICOP23
722,,,,,,,,,,,,,,,,,,,,,,,,,,,ICOP23
723,,,,,,,,,,,,,,,,,,,,,,,,,,,ICOP23
724,,,,,,,,,,,,,,,,,,,,,,,,,,,ICOP23
725,,,,,,,,,,,,,,,,,,,,,,,,,,,ICOP23
726,,,,,,,,,,,,,,,,,,,,,,,,,,,ICOP23
727,,,,,,,,,,,,,,,,,,,,,,,,,,,ICOP23
728,,,,,,,,,,,,,,,,,,,,,,,,,,,ICOP23
729,,,,,,,,,,,,,,,,,,,,,,,,,,,ICOP23
730,,,,,,,,,,,,,,,,,,,,,,,,,,,ICOP23
731,,,,,,,,,,,,,,,,,,,,,,,,,,,ICOP23
732,,,,,,,,,,,,,,,,,,,,,,,,,,,ICOP23
733,,,,,,,,,,,,,,,,,,,,,,,,,,,ICOP23
734,,,,,,,,,,,,,,,,,,,,,,,,,,,ICOP23
735,,,,,,,,,,,,,,,,,,,,,,,,,,,ICOP23
736,,,,,,,,,,,,,,,,,,,,,,,,,,,ICOP23
737,,,,,,,,,,,,,,,,,,,,,,,,,,,ICOP23
738,,,,,,,,,,,,,,,,,,,,,,,,,,,ICOP23
739,,,,,,,,,,,,,,,,,,,,,,,,,,,ICOP23
740,,,,,,,,,,,,,,,,,,,,,,,,,,,ICOP23
741,,,,,,,,,,,,,,,,,,,,,,,,,,,ICOP23
742,,,,,,,,,,,,,,,,,,,,,,,,,,,ICOP23
743,,,,,,,,,,,,,,,,,,,,,,,,,,,ICOP23
744,,,,,,,,,,,,,,,,,,,,,,,,,,,ICOP23
745,,,,,,,,,,,,,,,,,,,,,,,,,,,ICOP23
746,,,,,,,,,,,,,,,,,,,,,,,,,,,ICOP23
747,,,,,,,,,,,,,,,,,,,,,,,,,,,ICOP23
748,,,,,,,,,,,,,,,,,,,,,,,,,,,ICOP23
749,,,,,,,,,,,,,,,,,,,,,,,,,,,ICOP23
750,,,,,,,,,,,,,,,,,,,,,,,,,,,ICOP23
751,,,,,,,,,,,,,,,,,,,,,,,,,,,ICOP23
752,,,,,,,,,,,,,,,,,,,,,,,,,,,ICOP23
753,,,,,,,,,,,,,,,,,,,,,,,,,,,ICOP23
754,,,,,,,,,,,,,,,,,,,,,,,,,,,ICOP23
755,,,,,,,,,,,,,,,,,,,,,,,,,,,ICOP23
756,,,,,,,,,,,,,,,,,,,,,,,,,,,ICOP23
757,,,,,,,,,,,,,,,,,,,,,,,,,,,ICOP23
758,,,,,,,,,,,,,,,,,,,,,,,,,,,ICOP23
759,,,,,,,,,,,,,,,,,,,,,,,,,,,ICOP23
760,,,,,,,,,,,,,,,,,,,,,,,,,,,ICOP23
761,,,,,,,,,,,,,,,,,,,,,,,,,,,ICOP23
762,,,,,,,,,,,,,,,,,,,,,,,,,,,ICOP23
763,,,,,,,,,,,,,,,,,,,,,,,,,,,ICOP23
764,,,,,,,,,,,,,,,,,,,,,,,,,,,ICOP23
765,,,,,,,,,,,,,,,,,,,,,,,,,,,ICOP23
766,,,,,,,,,,,,,,,,,,,,,,,,,,,ICOP23
767,,,,,,,,,,,,,,,,,,,,,,,,,,,ICOP23
768,,,,,,,,,,,,,,,,,,,,,,,,,,,ICOP23
769,,,,,,,,,,,,,,,,,,,,,,,,,,,ICOP23
770,,,,,,,,,,,,,,,,,,,,,,,,,,,ICOP23
771,,,,,,,,,,,,,,,,,,,,,,,,,,,ICOP23
772,,,,,,,,,,,,,,,,,,,,,,,,,,,ICOP23
773,,,,,,,,,,,,,,,,,,,,,,,,,,,ICOP23
774,,,,,,,,,,,,,,,,,,,,,,,,,,,ICOP23
775,,,,,,,,,,,,,,,,,,,,,,,,,,,ICOP23
776,,,,,,,,,,,,,,,,,,,,,,,,,,,ICOP23
777,,,,,,,,,,,,,,,,,,,,,,,,,,,ICOP23
778,,,,,,,,,,,,,,,,,,,,,,,,,,,ICOP23
779,,,,,,,,,,,,,,,,,,,,,,,,,,,ICOP23
780,,,,,,,,,,,,,,,,,,,,,,,,,,,ICOP23
781,,,,,,,,,,,,,,,,,,,,,,,,,,,ICOP23
782,,,,,,,,,,,,,,,,,,,,,,,,,,,ICOP23
783,,,,,,,,,,,,,,,,,,,,,,,,,,,ICOP23
784,,,,,,,,,,,,,,,,,,,,,,,,,,,ICOP23
785,,,,,,,,,,,,,,,,,,,,,,,,,,,ICOP23
786,,,,,,,,,,,,,,,,,,,,,,,,,,,ICOP23
787,,,,,,,,,,,,,,,,,,,,,,,,,,,ICOP23
788,,,,,,,,,,,,,,,,,,,,,,,,,,,ICOP23
789,,,,,,,,,,,,,,,,,,,,,,,,,,,ICOP23
790,,,,,,,,,,,,,,,,,,,,,,,,,,,ICOP23
791,,,,,,,,,,,,,,,,,,,,,,,,,,,ICOP23
792,,,,,,,,,,,,,,,,,,,,,,,,,,,ICOP23
793,,,,,,,,,,,,,,,,,,,,,,,,,,,ICOP23
794,,,,,,,,,,,,,,,,,,,,,,,,,,,ICOP23
795,,,,,,,,,,,,,,,,,,,,,,,,,,,ICOP23
796,,,,,,,,,,,,,,,,,,,,,,,,,,,ICOP23
797,,,,,,,,,,,,,,,,,,,,,,,,,,,ICOP23
798,,,,,,,,,,,,,,,,,,,,,,,,,,,ICOP23
799,,,,,,,,,,,,,,,,,,,,,,,,,,,ICOP23
800,,,,,,,,,,,,,,,,,,,,,,,,,,,ICOP23
801,,,,,,,,,,,,,,,,,,,,,,,,,,,ICOP23
802,,,,,,,,,,,,,,,,,,,,,,,,,,,ICOP23
803,,,,,,,,,,,,,,,,,,,,,,,,,,,ICOP23
804,,,,,,,,,,,,,,,,,,,,,,,,,,,ICOP23
805,,,,,,,,,,,,,,,,,,,,,,,,,,,ICOP23
806,,,,,,,,,,,,,,,,,,,,,,,,,,,ICOP23
807,,,,,,,,,,,,,,,,,,,,,,,,,,,ICOP23
808,,,,,,,,,,,,,,,,,,,,,,,,,,,ICOP23
809,,,,,,,,,,,,,,,,,,,,,,,,,,,ICOP23
810,,,,,,,,,,,,,,,,,,,,,,,,,,,ICOP23
811,,,,,,,,,,,,,,,,,,,,,,,,,,,ICOP23
812,,,,,,,,,,,,,,,,,,,,,,,,,,,ICOP23
813,,,,,,,,,,,,,,,,,,,,,,,,,,,ICOP23
814,,,,,,,,,,,,,,,,,,,,,,,,,,,ICOP23
815,,,,,,,,,,,,,,,,,,,,,,,,,,,ICOP23
816,,,,,,,,,,,,,,,,,,,,,,,,,,,ICOP23
817,,,,,,,,,,,,,,,,,,,,,,,,,,,ICOP23
818,,,,,,,,,,,,,,,,,,,,,,,,,,,ICOP23
819,,,,,,,,,,,,,,,,,,,,,,,,,,,ICOP23
820,,,,,,,,,,,,,,,,,,,,,,,,,,,ICOP23
821,,,,,,,,,,,,,,,,,,,,,,,,,,,ICOP23
822,,,,,,,,,,,,,,,,,,,,,,,,,,,ICOP23
823,,,,,,,,,,,,,,,,,,,,,,,,,,,ICOP23
824,,,,,,,,,,,,,,,,,,,,,,,,,,,ICOP23
825,,,,,,,,,,,,,,,,,,,,,,,,,,,ICOP23
826,,,,,,,,,,,,,,,,,,,,,,,,,,,ICOP23
827,,,,,,,,,,,,,,,,,,,,,,,,,,,ICOP23
828,,,,,,,,,,,,,,,,,,,,,,,,,,,ICOP23
829,,,,,,,,,,,,,,,,,,,,,,,,,,,ICOP23
830,,,,,,,,,,,,,,,,,,,,,,,,,,,ICOP23
831,,,,,,,,,,,,,,,,,,,,,,,,,,,ICOP23
832,,,,,,,,,,,,,,,,,,,,,,,,,,,ICOP23
833,,,,,,,,,,,,,,,,,,,,,,,,,,,ICOP23
834,,,,,,,,,,,,,,,,,,,,,,,,,,,ICOP23
835,,,,,,,,,,,,,,,,,,,,,,,,,,,ICOP23
836,,,,,,,,,,,,,,,,,,,,,,,,,,,ICOP23
837,,,,,,,,,,,,,,,,,,,,,,,,,,,ICOP23
838,,,,,,,,,,,,,,,,,,,,,,,,,,,ICOP23
839,,,,,,,,,,,,,,,,,,,,,,,,,,,ICOP23
840,,,,,,,,,,,,,,,,,,,,,,,,,,,ICOP23
841,,,,,,,,,,,,,,,,,,,,,,,,,,,ICOP23
842,,,,,,,,,,,,,,,,,,,,,,,,,,,ICOP23
843,,,,,,,,,,,,,,,,,,,,,,,,,,,ICOP23
844,,,,,,,,,,,,,,,,,,,,,,,,,,,ICOP23
845,,,,,,,,,,,,,,,,,,,,,,,,,,,ICOP23
846,,,,,,,,,,,,,,,,,,,,,,,,,,,ICOP23
847,,,,,,,,,,,,,,,,,,,,,,,,,,,ICOP23
848,,,,,,,,,,,,,,,,,,,,,,,,,,,ICOP23
849,,,,,,,,,,,,,,,,,,,,,,,,,,,ICOP23
850,,,,,,,,,,,,,,,,,,,,,,,,,,,ICOP23
851,,,,,,,,,,,,,,,,,,,,,,,,,,,ICOP23
852,,,,,,,,,,,,,,,,,,,,,,,,,,,ICOP23
853,,,,,,,,,,,,,,,,,,,,,,,,,,,ICOP23
854,,,,,,,,,,,,,,,,,,,,,,,,,,,ICOP23
855,,,,,,,,,,,,,,,,,,,,,,,,,,,ICOP23
856,,,,,,,,,,,,,,,,,,,,,,,,,,,ICOP23
857,,,,,,,,,,,,,,,,,,,,,,,,,,,ICOP23
858,,,,,,,,,,,,,,,,,,,,,,,,,,,ICOP23
859,,,,,,,,,,,,,,,,,,,,,,,,,,,ICOP23
860,,,,,,,,,,,,,,,,,,,,,,,,,,,ICOP23
861,,,,,,,,,,,,,,,,,,,,,,,,,,,ICOP23
862,,,,,,,,,,,,,,,,,,,,,,,,,,,ICOP23
863,,,,,,,,,,,,,,,,,,,,,,,,,,,ICOP23
864,,,,,,,,,,,,,,,,,,,,,,,,,,,ICOP23
865,,,,,,,,,,,,,,,,,,,,,,,,,,,ICOP23
866,,,,,,,,,,,,,,,,,,,,,,,,,,,ICOP23
867,,,,,,,,,,,,,,,,,,,,,,,,,,,ICOP23
868,,,,,,,,,,,,,,,,,,,,,,,,,,,ICOP23
869,,,,,,,,,,,,,,,,,,,,,,,,,,,ICOP23
870,,,,,,,,,,,,,,,,,,,,,,,,,,,ICOP23
871,,,,,,,,,,,,,,,,,,,,,,,,,,,ICOP23
872,,,,,,,,,,,,,,,,,,,,,,,,,,,ICOP23
873,,,,,,,,,,,,,,,,,,,,,,,,,,,ICOP23
874,,,,,,,,,,,,,,,,,,,,,,,,,,,ICOP23
875,,,,,,,,,,,,,,,,,,,,,,,,,,,ICOP23
876,,,,,,,,,,,,,,,,,,,,,,,,,,,ICOP23
877,,,,,,,,,,,,,,,,,,,,,,,,,,,ICOP23
878,,,,,,,,,,,,,,,,,,,,,,,,,,,ICOP23
879,,,,,,,,,,,,,,,,,,,,,,,,,,,ICOP23
880,,,,,,,,,,,,,,,,,,,,,,,,,,,ICOP23
881,,,,,,,,,,,,,,,,,,,,,,,,,,,ICOP23
882,,,,,,,,,,,,,,,,,,,,,,,,,,,ICOP23
883,,,,,,,,,,,,,,,,,,,,,,,,,,,ICOP23
884,,,,,,,,,,,,,,,,,,,,,,,,,,,ICOP23
885,,,,,,,,,,,,,,,,,,,,,,,,,,,ICOP23
886,,,,,,,,,,,,,,,,,,,,,,,,,,,ICOP23
887,,,,,,,,,,,,,,,,,,,,,,,,,,,ICOP23
888,,,,,,,,,,,,,,,,,,,,,,,,,,,ICOP23
889,,,,,,,,,,,,,,,,,,,,,,,,,,,ICOP23
890,,,,,,,,,,,,,,,,,,,,,,,,,,,ICOP23
891,,,,,,,,,,,,,,,,,,,,,,,,,,,ICOP23
892,,,,,,,,,,,,,,,,,,,,,,,,,,,ICOP23
893,,,,,,,,,,,,,,,,,,,,,,,,,,,ICOP23
894,,,,,,,,,,,,,,,,,,,,,,,,,,,ICOP23
895,,,,,,,,,,,,,,,,,,,,,,,,,,,ICOP23
896,,,,,,,,,,,,,,,,,,,,,,,,,,,ICOP23
897,,,,,,,,,,,,,,,,,,,,,,,,,,,ICOP23
898,,,,,,,,,,,,,,,,,,,,,,,,,,,ICOP23
899,,,,,,,,,,,,,,,,,,,,,,,,,,,ICOP23
900,,,,,,,,,,,,,,,,,,,,,,,,,,,ICOP23
901,,,,,,,,,,,,,,,,,,,,,,,,,,,ICOP23
902,,,,,,,,,,,,,,,,,,,,,,,,,,,ICOP23
903,,,,,,,,,,,,,,,,,,,,,,,,,,,ICOP23
904,,,,,,,,,,,,,,,,,,,,,,,,,,,ICOP23
905,,,,,,,,,,,,,,,,,,,,,,,,,,,ICOP23
906,,,,,,,,,,,,,,,,,,,,,,,,,,,ICOP23
907,,,,,,,,,,,,,,,,,,,,,,,,,,,ICOP23
908,,,,,,,,,,,,,,,,,,,,,,,,,,,ICOP23
909,,,,,,,,,,,,,,,,,,,,,,,,,,,ICOP23
910,,,,,,,,,,,,,,,,,,,,,,,,,,,ICOP23
911,,,,,,,,,,,,,,,,,,,,,,,,,,,ICOP23
912,,,,,,,,,,,,,,,,,,,,,,,,,,,ICOP23
913,,,,,,,,,,,,,,,,,,,,,,,,,,,ICOP23
914,,,,,,,,,,,,,,,,,,,,,,,,,,,ICOP23
915,,,,,,,,,,,,,,,,,,,,,,,,,,,ICOP23
916,,,,,,,,,,,,,,,,,,,,,,,,,,,ICOP23
917,,,,,,,,,,,,,,,,,,,,,,,,,,,ICOP23
918,,,,,,,,,,,,,,,,,,,,,,,,,,,ICOP23
919,,,,,,,,,,,,,,,,,,,,,,,,,,,ICOP23
920,,,,,,,,,,,,,,,,,,,,,,,,,,,ICOP23
921,,,,,,,,,,,,,,,,,,,,,,,,,,,ICOP23
922,,,,,,,,,,,,,,,,,,,,,,,,,,,ICOP23
923,,,,,,,,,,,,,,,,,,,,,,,,,,,ICOP23
924,,,,,,,,,,,,,,,,,,,,,,,,,,,ICOP23
925,,,,,,,,,,,,,,,,,,,,,,,,,,,ICOP23
926,,,,,,,,,,,,,,,,,,,,,,,,,,,ICOP23
927,,,,,,,,,,,,,,,,,,,,,,,,,,,ICOP23
928,,,,,,,,,,,,,,,,,,,,,,,,,,,ICOP23
929,,,,,,,,,,,,,,,,,,,,,,,,,,,ICOP23
930,,,,,,,,,,,,,,,,,,,,,,,,,,,ICOP23
931,,,,,,,,,,,,,,,,,,,,,,,,,,,ICOP23
932,,,,,,,,,,,,,,,,,,,,,,,,,,,ICOP23
933,,,,,,,,,,,,,,,,,,,,,,,,,,,ICOP23
934,,,,,,,,,,,,,,,,,,,,,,,,,,,ICOP23
935,,,,,,,,,,,,,,,,,,,,,,,,,,,ICOP23
936,,,,,,,,,,,,,,,,,,,,,,,,,,,ICOP23
937,,,,,,,,,,,,,,,,,,,,,,,,,,,ICOP23
938,,,,,,,,,,,,,,,,,,,,,,,,,,,ICOP23
939,,,,,,,,,,,,,,,,,,,,,,,,,,,ICOP23
940,,,,,,,,,,,,,,,,,,,,,,,,,,,ICOP23
941,,,,,,,,,,,,,,,,,,,,,,,,,,,ICOP23
942,,,,,,,,,,,,,,,,,,,,,,,,,,,ICOP23
943,,,,,,,,,,,,,,,,,,,,,,,,,,,ICOP23
944,,,,,,,,,,,,,,,,,,,,,,,,,,,ICOP23
945,,,,,,,,,,,,,,,,,,,,,,,,,,,ICOP23
946,,,,,,,,,,,,,,,,,,,,,,,,,,,ICOP23
947,,,,,,,,,,,,,,,,,,,,,,,,,,,ICOP23
948,,,,,,,,,,,,,,,,,,,,,,,,,,,ICOP23
949,,,,,,,,,,,,,,,,,,,,,,,,,,,ICOP23
950,,,,,,,,,,,,,,,,,,,,,,,,,,,ICOP23
951,,,,,,,,,,,,,,,,,,,,,,,,,,,ICOP23
952,,,,,,,,,,,,,,,,,,,,,,,,,,,ICOP23
953,,,,,,,,,,,,,,,,,,,,,,,,,,,ICOP23
954,,,,,,,,,,,,,,,,,,,,,,,,,,,ICOP23
955,,,,,,,,,,,,,,,,,,,,,,,,,,,ICOP23
956,,,,,,,,,,,,,,,,,,,,,,,,,,,ICOP23
957,,,,,,,,,,,,,,,,,,,,,,,,,,,ICOP23
958,,,,,,,,,,,,,,,,,,,,,,,,,,,ICOP23
959,,,,,,,,,,,,,,,,,,,,,,,,,,,ICOP23
960,,,,,,,,,,,,,,,,,,,,,,,,,,,ICOP23
961,,,,,,,,,,,,,,,,,,,,,,,,,,,ICOP23
962,,,,,,,,,,,,,,,,,,,,,,,,,,,ICOP23
963,,,,,,,,,,,,,,,,,,,,,,,,,,,ICOP23
964,,,,,,,,,,,,,,,,,,,,,,,,,,,ICOP23
965,,,,,,,,,,,,,,,,,,,,,,,,,,,ICOP23
966,,,,,,,,,,,,,,,,,,,,,,,,,,,ICOP23
967,,,,,,,,,,,,,,,,,,,,,,,,,,,ICOP23
968,,,,,,,,,,,,,,,,,,,,,,,,,,,ICOP23
969,,,,,,,,,,,,,,,,,,,,,,,,,,,ICOP23
970,,,,,,,,,,,,,,,,,,,,,,,,,,,ICOP23
971,,,,,,,,,,,,,,,,,,,,,,,,,,,ICOP23
972,,,,,,,,,,,,,,,,,,,,,,,,,,,ICOP23
973,,,,,,,,,,,,,,,,,,,,,,,,,,,ICOP23
974,,,,,,,,,,,,,,,,,,,,,,,,,,,ICOP23
975,,,,,,,,,,,,,,,,,,,,,,,,,,,ICOP23
976,,,,,,,,,,,,,,,,,,,,,,,,,,,ICOP23
977,,,,,,,,,,,,,,,,,,,,,,,,,,,ICOP23
978,,,,,,,,,,,,,,,,,,,,,,,,,,,ICOP23
979,,,,,,,,,,,,,,,,,,,,,,,,,,,ICOP23
980,,,,,,,,,,,,,,,,,,,,,,,,,,,ICOP23
981,,,,,,,,,,,,,,,,,,,,,,,,,,,ICOP23
982,,,,,,,,,,,,,,,,,,,,,,,,,,,ICOP23
983,,,,,,,,,,,,,,,,,,,,,,,,,,,ICOP23
984,,,,,,,,,,,,,,,,,,,,,,,,,,,ICOP23
985,,,,,,,,,,,,,,,,,,,,,,,,,,,ICOP23
986,,,,,,,,,,,,,,,,,,,,,,,,,,,ICOP23
987,,,,,,,,,,,,,,,,,,,,,,,,,,,ICOP23
988,,,,,,,,,,,,,,,,,,,,,,,,,,,ICOP23
989,,,,,,,,,,,,,,,,,,,,,,,,,,,ICOP23
990,,,,,,,,,,,,,,,,,,,,,,,,,,,ICOP23
991,,,,,,,,,,,,,,,,,,,,,,,,,,,ICOP23
992,,,,,,,,,,,,,,,,,,,,,,,,,,,ICOP23
993,,,,,,,,,,,,,,,,,,,,,,,,,,,ICOP23
994,,,,,,,,,,,,,,,,,,,,,,,,,,,ICOP23
995,,,,,,,,,,,,,,,,,,,,,,,,,,,ICOP23
996,,,,,,,,,,,,,,,,,,,,,,,,,,,ICOP23
997,,,,,,,,,,,,,,,,,,,,,,,,,,,ICOP23
998,,,,,,,,,,,,,,,,,,,,,,,,,,,ICOP23
999,,,,,,,,,,,,,,,,,,,,,,,,,,,ICOP23
1000,,,,,,,,,,,,,,,,,,,,,,,,,,,ICOP23
1001,,,,,,,,,,,,,,,,,,,,,,,,,,,ICOP23
1002,,,,,,,,,,,,,,,,,,,,,,,,,,,ICOP23
1003,,,,,,,,,,,,,,,,,,,,,,,,,,,ICOP23
1004,,,,,,,,,,,,,,,,,,,,,,,,,,,ICOP23
1005,,,,,,,,,,,,,,,,,,,,,,,,,,,ICOP23
1006,,,,,,,,,,,,,,,,,,,,,,,,,,,ICOP23
1007,,,,,,,,,,,,,,,,,,,,,,,,,,,ICOP23
1008,,,,,,,,,,,,,,,,,,,,,,,,,,,ICOP23
1009,,,,,,,,,,,,,,,,,,,,,,,,,,,ICOP23
1010,,,,,,,,,,,,,,,,,,,,,,,,,,,ICOP23
1011,,,,,,,,,,,,,,,,,,,,,,,,,,,ICOP23
1012,,,,,,,,,,,,,,,,,,,,,,,,,,,ICOP23
1013,,,,,,,,,,,,,,,,,,,,,,,,,,,ICOP23
1014,,,,,,,,,,,,,,,,,,,,,,,,,,,ICOP23
1015,,,,,,,,,,,,,,,,,,,,,,,,,,,ICOP23
1016,,,,,,,,,,,,,,,,,,,,,,,,,,,ICOP23
1017,,,,,,,,,,,,,,,,,,,,,,,,,,,ICOP23
1018,,,,,,,,,,,,,,,,,,,,,,,,,,,ICOP23
1019,,,,,,,,,,,,,,,,,,,,,,,,,,,ICOP23
1020,,,,,,,,,,,,,,,,,,,,,,,,,,,ICOP23
1021,,,,,,,,,,,,,,,,,,,,,,,,,,,ICOP23
1022,,,,,,,,,,,,,,,,,,,,,,,,,,,ICOP23
1023,,,,,,,,,,,,,,,,,,,,,,,,,,,ICOP23
1024,,,,,,,,,,,,,,,,,,,,,,,,,,,ICOP23
1025,,,,,,,,,,,,,,,,,,,,,,,,,,,ICOP23
1026,,,,,,,,,,,,,,,,,,,,,,,,,,,ICOP23
1027,,,,,,,,,,,,,,,,,,,,,,,,,,,ICOP23
1028,,,,,,,,,,,,,,,,,,,,,,,,,,,ICOP23
1029,,,,,,,,,,,,,,,,,,,,,,,,,,,ICOP23
1030,,,,,,,,,,,,,,,,,,,,,,,,,,,ICOP23
1031,,,,,,,,,,,,,,,,,,,,,,,,,,,ICOP23
1032,,,,,,,,,,,,,,,,,,,,,,,,,,,ICOP23
1033,,,,,,,,,,,,,,,,,,,,,,,,,,,ICOP23
1034,,,,,,,,,,,,,,,,,,,,,,,,,,,ICOP23
1035,,,,,,,,,,,,,,,,,,,,,,,,,,,ICOP23
1036,,,,,,,,,,,,,,,,,,,,,,,,,,,ICOP23
1037,,,,,,,,,,,,,,,,,,,,,,,,,,,ICOP23
1038,,,,,,,,,,,,,,,,,,,,,,,,,,,ICOP23
1039,,,,,,,,,,,,,,,,,,,,,,,,,,,ICOP23
1040,,,,,,,,,,,,,,,,,,,,,,,,,,,ICOP23
1041,,,,,,,,,,,,,,,,,,,,,,,,,,,ICOP23
1042,,,,,,,,,,,,,,,,,,,,,,,,,,,ICOP23
1043,,,,,,,,,,,,,,,,,,,,,,,,,,,ICOP23
1044,,,,,,,,,,,,,,,,,,,,,,,,,,,ICOP23
1045,,,,,,,,,,,,,,,,,,,,,,,,,,,ICOP23
1046,,,,,,,,,,,,,,,,,,,,,,,,,,,ICOP23
1047,,,,,,,,,,,,,,,,,,,,,,,,,,,ICOP23
1048,,,,,,,,,,,,,,,,,,,,,,,,,,,ICOP23
1049,,,,,,,,,,,,,,,,,,,,,,,,,,,ICOP23
1050,,,,,,,,,,,,,,,,,,,,,,,,,,,ICOP23
1051,,,,,,,,,,,,,,,,,,,,,,,,,,,ICOP23
1052,,,,,,,,,,,,,,,,,,,,,,,,,,,ICOP23
1053,,,,,,,,,,,,,,,,,,,,,,,,,,,ICOP23
1054,,,,,,,,,,,,,,,,,,,,,,,,,,,ICOP23
1055,,,,,,,,,,,,,,,,,,,,,,,,,,,ICOP23
1056,,,,,,,,,,,,,,,,,,,,,,,,,,,ICOP23
1057,,,,,,,,,,,,,,,,,,,,,,,,,,,ICOP23
1058,,,,,,,,,,,,,,,,,,,,,,,,,,,ICOP23
1059,,,,,,,,,,,,,,,,,,,,,,,,,,,ICOP23
1060,,,,,,,,,,,,,,,,,,,,,,,,,,,ICOP23
1061,,,,,,,,,,,,,,,,,,,,,,,,,,,ICOP23
1062,,,,,,,,,,,,,,,,,,,,,,,,,,,ICOP23
1063,,,,,,,,,,,,,,,,,,,,,,,,,,,ICOP23
1064,,,,,,,,,,,,,,,,,,,,,,,,,,,ICOP23
1065,,,,,,,,,,,,,,,,,,,,,,,,,,,ICOP23
1066,,,,,,,,,,,,,,,,,,,,,,,,,,,ICOP23
1067,,,,,,,,,,,,,,,,,,,,,,,,,,,ICOP23
1068,,,,,,,,,,,,,,,,,,,,,,,,,,,ICOP23
1069,,,,,,,,,,,,,,,,,,,,,,,,,,,ICOP23
1070,,,,,,,,,,,,,,,,,,,,,,,,,,,ICOP23
1071,,,,,,,,,,,,,,,,,,,,,,,,,,,ICOP23
1072,,,,,,,,,,,,,,,,,,,,,,,,,,,ICOP23
1073,,,,,,,,,,,,,,,,,,,,,,,,,,,ICOP23
1074,,,,,,,,,,,,,,,,,,,,,,,,,,,ICOP23
1075,,,,,,,,,,,,,,,,,,,,,,,,,,,ICOP23
1076,,,,,,,,,,,,,,,,,,,,,,,,,,,ICOP23
1077,,,,,,,,,,,,,,,,,,,,,,,,,,,ICOP23
1078,,,,,,,,,,,,,,,,,,,,,,,,,,,ICOP23
1079,,,,,,,,,,,,,,,,,,,,,,,,,,,ICOP23
1080,,,,,,,,,,,,,,,,,,,,,,,,,,,ICOP23
1081,,,,,,,,,,,,,,,,,,,,,,,,,,,ICOP23
1082,,,,,,,,,,,,,,,,,,,,,,,,,,,ICOP23
1083,,,,,,,,,,,,,,,,,,,,,,,,,,,ICOP23
1084,,,,,,,,,,,,,,,,,,,,,,,,,,,ICOP23
1085,,,,,,,,,,,,,,,,,,,,,,,,,,,ICOP23
1086,,,,,,,,,,,,,,,,,,,,,,,,,,,ICOP23
1087,,,,,,,,,,,,,,,,,,,,,,,,,,,ICOP23
1088,,,,,,,,,,,,,,,,,,,,,,,,,,,ICOP23
1089,,,,,,,,,,,,,,,,,,,,,,,,,,,ICOP23
1090,,,,,,,,,,,,,,,,,,,,,,,,,,,ICOP23
1091,,,,,,,,,,,,,,,,,,,,,,,,,,,ICOP23
1092,,,,,,,,,,,,,,,,,,,,,,,,,,,ICOP23
1093,,,,,,,,,,,,,,,,,,,,,,,,,,,ICOP23
1094,,,,,,,,,,,,,,,,,,,,,,,,,,,ICOP23
1095,,,,,,,,,,,,,,,,,,,,,,,,,,,ICOP23
1096,,,,,,,,,,,,,,,,,,,,,,,,,,,ICOP23
1097,,,,,,,,,,,,,,,,,,,,,,,,,,,ICOP23
1098,,,,,,,,,,,,,,,,,,,,,,,,,,,ICOP23
1099,,,,,,,,,,,,,,,,,,,,,,,,,,,ICOP23
1100,,,,,,,,,,,,,,,,,,,,,,,,,,,ICOP23
1101,,,,,,,,,,,,,,,,,,,,,,,,,,,ICOP23
1102,,,,,,,,,,,,,,,,,,,,,,,,,,,ICOP23
1103,,,,,,,,,,,,,,,,,,,,,,,,,,,ICOP23
1104,,,,,,,,,,,,,,,,,,,,,,,,,,,ICOP23
1105,,,,,,,,,,,,,,,,,,,,,,,,,,,ICOP23
1106,,,,,,,,,,,,,,,,,,,,,,,,,,,ICOP23
1107,,,,,,,,,,,,,,,,,,,,,,,,,,,ICOP23
1108,,,,,,,,,,,,,,,,,,,,,,,,,,,ICOP23
1109,,,,,,,,,,,,,,,,,,,,,,,,,,,ICOP23
1110,,,,,,,,,,,,,,,,,,,,,,,,,,,ICOP23
1111,,,,,,,,,,,,,,,,,,,,,,,,,,,ICOP23
1112,,,,,,,,,,,,,,,,,,,,,,,,,,,ICOP23
1113,,,,,,,,,,,,,,,,,,,,,,,,,,,ICOP23
1114,,,,,,,,,,,,,,,,,,,,,,,,,,,ICOP23
1115,,,,,,,,,,,,,,,,,,,,,,,,,,,ICOP23
1116,,,,,,,,,,,,,,,,,,,,,,,,,,,ICOP23
1117,,,,,,,,,,,,,,,,,,,,,,,,,,,ICOP23
1118,,,,,,,,,,,,,,,,,,,,,,,,,,,ICOP23
1119,,,,,,,,,,,,,,,,,,,,,,,,,,,ICOP23
1120,,,,,,,,,,,,,,,,,,,,,,,,,,,ICOP23
1121,,,,,,,,,,,,,,,,,,,,,,,,,,,ICOP23
1122,,,,,,,,,,,,,,,,,,,,,,,,,,,ICOP23
1123,,,,,,,,,,,,,,,,,,,,,,,,,,,ICOP23
1124,,,,,,,,,,,,,,,,,,,,,,,,,,,ICOP23
1125,,,,,,,,,,,,,,,,,,,,,,,,,,,ICOP23
1126,,,,,,,,,,,,,,,,,,,,,,,,,,,ICOP23
1127,,,,,,,,,,,,,,,,,,,,,,,,,,,ICOP23
1128,,,,,,,,,,,,,,,,,,,,,,,,,,,ICOP23
1129,,,,,,,,,,,,,,,,,,,,,,,,,,,ICOP23
1130,,,,,,,,,,,,,,,,,,,,,,,,,,,ICOP23
1131,,,,,,,,,,,,,,,,,,,,,,,,,,,ICOP23
1132,,,,,,,,,,,,,,,,,,,,,,,,,,,ICOP23
1133,,,,,,,,,,,,,,,,,,,,,,,,,,,ICOP23
1134,,,,,,,,,,,,,,,,,,,,,,,,,,,ICOP23
1135,,,,,,,,,,,,,,,,,,,,,,,,,,,ICOP23
1136,,,,,,,,,,,,,,,,,,,,,,,,,,,ICOP23
1137,,,,,,,,,,,,,,,,,,,,,,,,,,,ICOP23
1138,,,,,,,,,,,,,,,,,,,,,,,,,,,ICOP23
1139,,,,,,,,,,,,,,,,,,,,,,,,,,,ICOP23
1140,,,,,,,,,,,,,,,,,,,,,,,,,,,ICOP23
1141,,,,,,,,,,,,,,,,,,,,,,,,,,,ICOP23
1142,,,,,,,,,,,,,,,,,,,,,,,,,,,ICOP23
1143,,,,,,,,,,,,,,,,,,,,,,,,,,,ICOP23
1144,,,,,,,,,,,,,,,,,,,,,,,,,,,ICOP23
1145,,,,,,,,,,,,,,,,,,,,,,,,,,,ICOP23
1146,,,,,,,,,,,,,,,,,,,,,,,,,,,ICOP23
1147,,,,,,,,,,,,,,,,,,,,,,,,,,,ICOP23
1148,,,,,,,,,,,,,,,,,,,,,,,,,,,ICOP23
1149,,,,,,,,,,,,,,,,,,,,,,,,,,,ICOP23
1150,,,,,,,,,,,,,,,,,,,,,,,,,,,ICOP23
1151,,,,,,,,,,,,,,,,,,,,,,,,,,,ICOP23
1152,,,,,,,,,,,,,,,,,,,,,,,,,,,ICOP23
1153,,,,,,,,,,,,,,,,,,,,,,,,,,,ICOP23
1154,,,,,,,,,,,,,,,,,,,,,,,,,,,ICOP23
1155,,,,,,,,,,,,,,,,,,,,,,,,,,,ICOP23
1156,,,,,,,,,,,,,,,,,,,,,,,,,,,ICOP23
1157,,,,,,,,,,,,,,,,,,,,,,,,,,,ICOP23
1158,,,,,,,,,,,,,,,,,,,,,,,,,,,ICOP23
1159,,,,,,,,,,,,,,,,,,,,,,,,,,,ICOP23
1160,,,,,,,,,,,,,,,,,,,,,,,,,,,ICOP23
1161,,,,,,,,,,,,,,,,,,,,,,,,,,,ICOP23
1162,,,,,,,,,,,,,,,,,,,,,,,,,,,ICOP23
1163,,,,,,,,,,,,,,,,,,,,,,,,,,,ICOP23
1164,,,,,,,,,,,,,,,,,,,,,,,,,,,ICOP23
1165,,,,,,,,,,,,,,,,,,,,,,,,,,,ICOP23
1166,,,,,,,,,,,,,,,,,,,,,,,,,,,ICOP23
1167,,,,,,,,,,,,,,,,,,,,,,,,,,,ICOP23
1168,,,,,,,,,,,,,,,,,,,,,,,,,,,ICOP23
1169,,,,,,,,,,,,,,,,,,,,,,,,,,,ICOP23
1170,,,,,,,,,,,,,,,,,,,,,,,,,,,ICOP23
1171,,,,,,,,,,,,,,,,,,,,,,,,,,,ICOP23
1172,,,,,,,,,,,,,,,,,,,,,,,,,,,ICOP23
1173,,,,,,,,,,,,,,,,,,,,,,,,,,,ICOP23
1174,,,,,,,,,,,,,,,,,,,,,,,,,,,ICOP23
1175,,,,,,,,,,,,,,,,,,,,,,,,,,,ICOP23
1176,,,,,,,,,,,,,,,,,,,,,,,,,,,ICOP23
1177,,,,,,,,,,,,,,,,,,,,,,,,,,,ICOP23
1178,,,,,,,,,,,,,,,,,,,,,,,,,,,ICOP23
1179,,,,,,,,,,,,,,,,,,,,,,,,,,,ICOP23
1180,,,,,,,,,,,,,,,,,,,,,,,,,,,ICOP23
1181,,,,,,,,,,,,,,,,,,,,,,,,,,,ICOP23
1182,,,,,,,,,,,,,,,,,,,,,,,,,,,ICOP23
1183,,,,,,,,,,,,,,,,,,,,,,,,,,,ICOP23
1184,,,,,,,,,,,,,,,,,,,,,,,,,,,ICOP23
1185,,,,,,,,,,,,,,,,,,,,,,,,,,,ICOP23
1186,,,,,,,,,,,,,,,,,,,,,,,,,,,ICOP23
1187,,,,,,,,,,,,,,,,,,,,,,,,,,,ICOP23
1188,,,,,,,,,,,,,,,,,,,,,,,,,,,ICOP23
1189,,,,,,,,,,,,,,,,,,,,,,,,,,,ICOP23
1190,,,,,,,,,,,,,,,,,,,,,,,,,,,ICOP23
1191,,,,,,,,,,,,,,,,,,,,,,,,,,,ICOP23
1192,,,,,,,,,,,,,,,,,,,,,,,,,,,ICOP23
1193,,,,,,,,,,,,,,,,,,,,,,,,,,,ICOP23
1194,,,,,,,,,,,,,,,,,,,,,,,,,,,ICOP23
1195,,,,,,,,,,,,,,,,,,,,,,,,,,,ICOP23
1196,,,,,,,,,,,,,,,,,,,,,,,,,,,ICOP23
1197,,,,,,,,,,,,,,,,,,,,,,,,,,,ICOP23
1198,,,,,,,,,,,,,,,,,,,,,,,,,,,ICOP23
1199,,,,,,,,,,,,,,,,,,,,,,,,,,,ICOP23
1200,,,,,,,,,,,,,,,,,,,,,,,,,,,ICOP23
1201,,,,,,,,,,,,,,,,,,,,,,,,,,,ICOP23
1202,,,,,,,,,,,,,,,,,,,,,,,,,,,ICOP23
1203,,,,,,,,,,,,,,,,,,,,,,,,,,,ICOP23
1204,,,,,,,,,,,,,,,,,,,,,,,,,,,ICOP23
1205,,,,,,,,,,,,,,,,,,,,,,,,,,,ICOP23
1206,,,,,,,,,,,,,,,,,,,,,,,,,,,ICOP23
1207,,,,,,,,,,,,,,,,,,,,,,,,,,,ICOP23
1208,,,,,,,,,,,,,,,,,,,,,,,,,,,ICOP23
1209,,,,,,,,,,,,,,,,,,,,,,,,,,,ICOP23
1210,,,,,,,,,,,,,,,,,,,,,,,,,,,ICOP23
1211,,,,,,,,,,,,,,,,,,,,,,,,,,,ICOP23
1212,,,,,,,,,,,,,,,,,,,,,,,,,,,ICOP23
1213,,,,,,,,,,,,,,,,,,,,,,,,,,,ICOP23
1214,,,,,,,,,,,,,,,,,,,,,,,,,,,ICOP23
1215,,,,,,,,,,,,,,,,,,,,,,,,,,,ICOP23
1216,,,,,,,,,,,,,,,,,,,,,,,,,,,ICOP23
1217,,,,,,,,,,,,,,,,,,,,,,,,,,,ICOP23
1218,,,,,,,,,,,,,,,,,,,,,,,,,,,ICOP23
1219,,,,,,,,,,,,,,,,,,,,,,,,,,,ICOP23
1220,,,,,,,,,,,,,,,,,,,,,,,,,,,ICOP23
1221,,,,,,,,,,,,,,,,,,,,,,,,,,,ICOP23
1222,,,,,,,,,,,,,,,,,,,,,,,,,,,ICOP23
1223,,,,,,,,,,,,,,,,,,,,,,,,,,,ICOP23
1224,,,,,,,,,,,,,,,,,,,,,,,,,,,ICOP23
1225,,,,,,,,,,,,,,,,,,,,,,,,,,,ICOP23
1226,,,,,,,,,,,,,,,,,,,,,,,,,,,ICOP23
1227,,,,,,,,,,,,,,,,,,,,,,,,,,,ICOP23
1228,,,,,,,,,,,,,,,,,,,,,,,,,,,ICOP23
1229,,,,,,,,,,,,,,,,,,,,,,,,,,,ICOP23
1230,,,,,,,,,,,,,,,,,,,,,,,,,,,ICOP23
1231,,,,,,,,,,,,,,,,,,,,,,,,,,,ICOP23
1232,,,,,,,,,,,,,,,,,,,,,,,,,,,ICOP23
1233,,,,,,,,,,,,,,,,,,,,,,,,,,,ICOP23
1234,,,,,,,,,,,,,,,,,,,,,,,,,,,ICOP23
1235,,,,,,,,,,,,,,,,,,,,,,,,,,,ICOP23
1236,,,,,,,,,,,,,,,,,,,,,,,,,,,ICOP23
1237,,,,,,,,,,,,,,,,,,,,,,,,,,,ICOP23
1238,,,,,,,,,,,,,,,,,,,,,,,,,,,ICOP23
1239,,,,,,,,,,,,,,,,,,,,,,,,,,,ICOP23
1240,,,,,,,,,,,,,,,,,,,,,,,,,,,ICOP23
1241,,,,,,,,,,,,,,,,,,,,,,,,,,,ICOP23
1242,,,,,,,,,,,,,,,,,,,,,,,,,,,ICOP23
1243,,,,,,,,,,,,,,,,,,,,,,,,,,,ICOP23
1244,,,,,,,,,,,,,,,,,,,,,,,,,,,ICOP23
1245,,,,,,,,,,,,,,,,,,,,,,,,,,,ICOP23
1246,,,,,,,,,,,,,,,,,,,,,,,,,,,ICOP23
1247,,,,,,,,,,,,,,,,,,,,,,,,,,,ICOP23
1248,,,,,,,,,,,,,,,,,,,,,,,,,,,ICOP23
1249,,,,,,,,,,,,,,,,,,,,,,,,,,,ICOP23
1250,,,,,,,,,,,,,,,,,,,,,,,,,,,ICOP23
1251,,,,,,,,,,,,,,,,,,,,,,,,,,,ICOP23
1252,,,,,,,,,,,,,,,,,,,,,,,,,,,ICOP23
1253,,,,,,,,,,,,,,,,,,,,,,,,,,,ICOP23
1254,,,,,,,,,,,,,,,,,,,,,,,,,,,ICOP23
1255,,,,,,,,,,,,,,,,,,,,,,,,,,,ICOP23
1256,,,,,,,,,,,,,,,,,,,,,,,,,,,ICOP23
1257,,,,,,,,,,,,,,,,,,,,,,,,,,,ICOP23
1258,,,,,,,,,,,,,,,,,,,,,,,,,,,ICOP23
1259,,,,,,,,,,,,,,,,,,,,,,,,,,,ICOP23
1260,,,,,,,,,,,,,,,,,,,,,,,,,,,ICOP23
1261,,,,,,,,,,,,,,,,,,,,,,,,,,,ICOP23
1262,,,,,,,,,,,,,,,,,,,,,,,,,,,ICOP23
1263,,,,,,,,,,,,,,,,,,,,,,,,,,,ICOP23
1264,,,,,,,,,,,,,,,,,,,,,,,,,,,ICOP23
1265,,,,,,,,,,,,,,,,,,,,,,,,,,,ICOP23
1266,,,,,,,,,,,,,,,,,,,,,,,,,,,ICOP23
1267,,,,,,,,,,,,,,,,,,,,,,,,,,,ICOP23
1268,,,,,,,,,,,,,,,,,,,,,,,,,,,ICOP23
1269,,,,,,,,,,,,,,,,,,,,,,,,,,,ICOP23
1270,,,,,,,,,,,,,,,,,,,,,,,,,,,ICOP23
1271,,,,,,,,,,,,,,,,,,,,,,,,,,,ICOP23
1272,,,,,,,,,,,,,,,,,,,,,,,,,,,ICOP23
1273,,,,,,,,,,,,,,,,,,,,,,,,,,,ICOP23
1274,,,,,,,,,,,,,,,,,,,,,,,,,,,ICOP23
1275,,,,,,,,,,,,,,,,,,,,,,,,,,,ICOP23
1276,,,,,,,,,,,,,,,,,,,,,,,,,,,ICOP23
1277,,,,,,,,,,,,,,,,,,,,,,,,,,,ICOP23
1278,,,,,,,,,,,,,,,,,,,,,,,,,,,ICOP23
1279,,,,,,,,,,,,,,,,,,,,,,,,,,,ICOP23
1280,,,,,,,,,,,,,,,,,,,,,,,,,,,ICOP23
1281,,,,,,,,,,,,,,,,,,,,,,,,,,,ICOP23
1282,,,,,,,,,,,,,,,,,,,,,,,,,,,ICOP23
1283,,,,,,,,,,,,,,,,,,,,,,,,,,,ICOP23
1284,,,,,,,,,,,,,,,,,,,,,,,,,,,ICOP23
1285,,,,,,,,,,,,,,,,,,,,,,,,,,,ICOP23
1286,,,,,,,,,,,,,,,,,,,,,,,,,,,ICOP23
1287,,,,,,,,,,,,,,,,,,,,,,,,,,,ICOP23
1288,,,,,,,,,,,,,,,,,,,,,,,,,,,ICOP23
1289,,,,,,,,,,,,,,,,,,,,,,,,,,,ICOP23
1290,,,,,,,,,,,,,,,,,,,,,,,,,,,ICOP23
1291,,,,,,,,,,,,,,,,,,,,,,,,,,,ICOP23
1292,,,,,,,,,,,,,,,,,,,,,,,,,,,ICOP23
1293,,,,,,,,,,,,,,,,,,,,,,,,,,,ICOP23
1294,,,,,,,,,,,,,,,,,,,,,,,,,,,ICOP23
1295,,,,,,,,,,,,,,,,,,,,,,,,,,,ICOP23
1296,,,,,,,,,,,,,,,,,,,,,,,,,,,ICOP23
1297,,,,,,,,,,,,,,,,,,,,,,,,,,,ICOP23
1298,,,,,,,,,,,,,,,,,,,,,,,,,,,ICOP23
1299,,,,,,,,,,,,,,,,,,,,,,,,,,,ICOP23
1300,,,,,,,,,,,,,,,,,,,,,,,,,,,ICOP23
1301,,,,,,,,,,,,,,,,,,,,,,,,,,,ICOP23
1302,,,,,,,,,,,,,,,,,,,,,,,,,,,ICOP23
1303,,,,,,,,,,,,,,,,,,,,,,,,,,,ICOP23
1304,,,,,,,,,,,,,,,,,,,,,,,,,,,ICOP23
1305,,,,,,,,,,,,,,,,,,,,,,,,,,,ICOP23
1306,,,,,,,,,,,,,,,,,,,,,,,,,,,ICOP23
1307,,,,,,,,,,,,,,,,,,,,,,,,,,,ICOP23
1308,,,,,,,,,,,,,,,,,,,,,,,,,,,ICOP23
1309,,,,,,,,,,,,,,,,,,,,,,,,,,,ICOP23
1310,,,,,,,,,,,,,,,,,,,,,,,,,,,ICOP23
1311,,,,,,,,,,,,,,,,,,,,,,,,,,,ICOP23
1312,,,,,,,,,,,,,,,,,,,,,,,,,,,ICOP23
1313,,,,,,,,,,,,,,,,,,,,,,,,,,,ICOP23
1314,,,,,,,,,,,,,,,,,,,,,,,,,,,ICOP23
1315,,,,,,,,,,,,,,,,,,,,,,,,,,,ICOP23
1316,,,,,,,,,,,,,,,,,,,,,,,,,,,ICOP23
1317,,,,,,,,,,,,,,,,,,,,,,,,,,,ICOP23
1318,,,,,,,,,,,,,,,,,,,,,,,,,,,ICOP23
1319,,,,,,,,,,,,,,,,,,,,,,,,,,,ICOP23
1320,,,,,,,,,,,,,,,,,,,,,,,,,,,ICOP23
1321,,,,,,,,,,,,,,,,,,,,,,,,,,,ICOP23
1322,,,,,,,,,,,,,,,,,,,,,,,,,,,ICOP23
1323,,,,,,,,,,,,,,,,,,,,,,,,,,,ICOP23
1324,,,,,,,,,,,,,,,,,,,,,,,,,,,ICOP23
1325,,,,,,,,,,,,,,,,,,,,,,,,,,,ICOP23
1326,,,,,,,,,,,,,,,,,,,,,,,,,,,ICOP23
1327,,,,,,,,,,,,,,,,,,,,,,,,,,,ICOP23
1328,,,,,,,,,,,,,,,,,,,,,,,,,,,ICOP23
1329,,,,,,,,,,,,,,,,,,,,,,,,,,,ICOP23
1330,,,,,,,,,,,,,,,,,,,,,,,,,,,ICOP23
1331,,,,,,,,,,,,,,,,,,,,,,,,,,,ICOP23
1332,,,,,,,,,,,,,,,,,,,,,,,,,,,ICOP23
1333,,,,,,,,,,,,,,,,,,,,,,,,,,,ICOP23
1334,,,,,,,,,,,,,,,,,,,,,,,,,,,ICOP23
1335,,,,,,,,,,,,,,,,,,,,,,,,,,,ICOP23
1336,,,,,,,,,,,,,,,,,,,,,,,,,,,ICOP23
1337,,,,,,,,,,,,,,,,,,,,,,,,,,,ICOP23
1338,,,,,,,,,,,,,,,,,,,,,,,,,,,ICOP23
1339,,,,,,,,,,,,,,,,,,,,,,,,,,,ICOP23
1340,,,,,,,,,,,,,,,,,,,,,,,,,,,ICOP23
1341,,,,,,,,,,,,,,,,,,,,,,,,,,,ICOP23
1342,,,,,,,,,,,,,,,,,,,,,,,,,,,ICOP23
1343,,,,,,,,,,,,,,,,,,,,,,,,,,,ICOP23
1344,,,,,,,,,,,,,,,,,,,,,,,,,,,ICOP23
1345,,,,,,,,,,,,,,,,,,,,,,,,,,,ICOP23
1346,,,,,,,,,,,,,,,,,,,,,,,,,,,ICOP23
1347,,,,,,,,,,,,,,,,,,,,,,,,,,,ICOP23
1348,,,,,,,,,,,,,,,,,,,,,,,,,,,ICOP23
1349,,,,,,,,,,,,,,,,,,,,,,,,,,,ICOP23
1350,,,,,,,,,,,,,,,,,,,,,,,,,,,ICOP23
1351,,,,,,,,,,,,,,,,,,,,,,,,,,,ICOP23
1352,,,,,,,,,,,,,,,,,,,,,,,,,,,ICOP23
1353,,,,,,,,,,,,,,,,,,,,,,,,,,,ICOP23
1354,,,,,,,,,,,,,,,,,,,,,,,,,,,ICOP23
1355,,,,,,,,,,,,,,,,,,,,,,,,,,,ICOP23
1356,,,,,,,,,,,,,,,,,,,,,,,,,,,ICOP23
1357,,,,,,,,,,,,,,,,,,,,,,,,,,,ICOP23
1358,,,,,,,,,,,,,,,,,,,,,,,,,,,ICOP23
1359,,,,,,,,,,,,,,,,,,,,,,,,,,,ICOP23
1360,,,,,,,,,,,,,,,,,,,,,,,,,,,ICOP23
1361,,,,,,,,,,,,,,,,,,,,,,,,,,,ICOP23
1362,,,,,,,,,,,,,,,,,,,,,,,,,,,ICOP23
1363,,,,,,,,,,,,,,,,,,,,,,,,,,,ICOP23
1364,,,,,,,,,,,,,,,,,,,,,,,,,,,ICOP23
1365,,,,,,,,,,,,,,,,,,,,,,,,,,,ICOP23
1366,,,,,,,,,,,,,,,,,,,,,,,,,,,ICOP23
1367,,,,,,,,,,,,,,,,,,,,,,,,,,,ICOP23
1368,,,,,,,,,,,,,,,,,,,,,,,,,,,ICOP23
1369,,,,,,,,,,,,,,,,,,,,,,,,,,,ICOP23
1370,,,,,,,,,,,,,,,,,,,,,,,,,,,ICOP23
1371,,,,,,,,,,,,,,,,,,,,,,,,,,,ICOP23
1372,,,,,,,,,,,,,,,,,,,,,,,,,,,ICOP23
1373,,,,,,,,,,,,,,,,,,,,,,,,,,,ICOP23
1374,,,,,,,,,,,,,,,,,,,,,,,,,,,ICOP23
1375,,,,,,,,,,,,,,,,,,,,,,,,,,,ICOP23
1376,,,,,,,,,,,,,,,,,,,,,,,,,,,ICOP23
1377,,,,,,,,,,,,,,,,,,,,,,,,,,,ICOP23
1378,,,,,,,,,,,,,,,,,,,,,,,,,,,ICOP23
1379,,,,,,,,,,,,,,,,,,,,,,,,,,,ICOP23
1380,,,,,,,,,,,,,,,,,,,,,,,,,,,ICOP23
1381,,,,,,,,,,,,,,,,,,,,,,,,,,,ICOP23
1382,,,,,,,,,,,,,,,,,,,,,,,,,,,ICOP23
1383,,,,,,,,,,,,,,,,,,,,,,,,,,,ICOP23
1384,,,,,,,,,,,,,,,,,,,,,,,,,,,ICOP23
1385,,,,,,,,,,,,,,,,,,,,,,,,,,,ICOP23
1386,,,,,,,,,,,,,,,,,,,,,,,,,,,ICOP23
1387,,,,,,,,,,,,,,,,,,,,,,,,,,,ICOP23
1388,,,,,,,,,,,,,,,,,,,,,,,,,,,ICOP23
1389,,,,,,,,,,,,,,,,,,,,,,,,,,,ICOP23
1390,,,,,,,,,,,,,,,,,,,,,,,,,,,ICOP23
1391,,,,,,,,,,,,,,,,,,,,,,,,,,,ICOP23
1392,,,,,,,,,,,,,,,,,,,,,,,,,,,ICOP23
1393,,,,,,,,,,,,,,,,,,,,,,,,,,,ICOP23
1394,,,,,,,,,,,,,,,,,,,,,,,,,,,ICOP23
1395,,,,,,,,,,,,,,,,,,,,,,,,,,,ICOP23
1396,,,,,,,,,,,,,,,,,,,,,,,,,,,ICOP23
1397,,,,,,,,,,,,,,,,,,,,,,,,,,,ICOP23
1398,,,,,,,,,,,,,,,,,,,,,,,,,,,ICOP23
1399,,,,,,,,,,,,,,,,,,,,,,,,,,,ICOP23
1400,,,,,,,,,,,,,,,,,,,,,,,,,,,ICOP23
1401,,,,,,,,,,,,,,,,,,,,,,,,,,,ICOP23
1402,,,,,,,,,,,,,,,,,,,,,,,,,,,ICOP23
1403,,,,,,,,,,,,,,,,,,,,,,,,,,,ICOP23
1404,,,,,,,,,,,,,,,,,,,,,,,,,,,ICOP23
1405,,,,,,,,,,,,,,,,,,,,,,,,,,,ICOP23
1406,,,,,,,,,,,,,,,,,,,,,,,,,,,ICOP23
1407,,,,,,,,,,,,,,,,,,,,,,,,,,,ICOP23
1408,,,,,,,,,,,,,,,,,,,,,,,,,,,ICOP23
1409,,,,,,,,,,,,,,,,,,,,,,,,,,,ICOP23
1410,,,,,,,,,,,,,,,,,,,,,,,,,,,ICOP23
1411,,,,,,,,,,,,,,,,,,,,,,,,,,,ICOP23
1412,,,,,,,,,,,,,,,,,,,,,,,,,,,ICOP23
1413,,,,,,,,,,,,,,,,,,,,,,,,,,,ICOP23
1414,,,,,,,,,,,,,,,,,,,,,,,,,,,ICOP23
1415,,,,,,,,,,,,,,,,,,,,,,,,,,,ICOP23
1416,,,,,,,,,,,,,,,,,,,,,,,,,,,ICOP23
1417,,,,,,,,,,,,,,,,,,,,,,,,,,,ICOP23
1418,,,,,,,,,,,,,,,,,,,,,,,,,,,ICOP23
1419,,,,,,,,,,,,,,,,,,,,,,,,,,,ICOP23
1420,,,,,,,,,,,,,,,,,,,,,,,,,,,ICOP23
1421,,,,,,,,,,,,,,,,,,,,,,,,,,,ICOP23
1422,,,,,,,,,,,,,,,,,,,,,,,,,,,ICOP23
1423,,,,,,,,,,,,,,,,,,,,,,,,,,,ICOP23
1424,,,,,,,,,,,,,,,,,,,,,,,,,,,ICOP23
1425,,,,,,,,,,,,,,,,,,,,,,,,,,,ICOP23
1426,,,,,,,,,,,,,,,,,,,,,,,,,,,ICOP23
1427,,,,,,,,,,,,,,,,,,,,,,,,,,,ICOP23
1428,,,,,,,,,,,,,,,,,,,,,,,,,,,ICOP23
1429,,,,,,,,,,,,,,,,,,,,,,,,,,,ICOP23
1430,,,,,,,,,,,,,,,,,,,,,,,,,,,ICOP23
1431,,,,,,,,,,,,,,,,,,,,,,,,,,,ICOP23
1432,,,,,,,,,,,,,,,,,,,,,,,,,,,ICOP23
1433,,,,,,,,,,,,,,,,,,,,,,,,,,,ICOP23
1434,,,,,,,,,,,,,,,,,,,,,,,,,,,ICOP23
1435,,,,,,,,,,,,,,,,,,,,,,,,,,,ICOP23
1436,,,,,,,,,,,,,,,,,,,,,,,,,,,ICOP23
1437,,,,,,,,,,,,,,,,,,,,,,,,,,,ICOP23
1438,,,,,,,,,,,,,,,,,,,,,,,,,,,ICOP23
1439,,,,,,,,,,,,,,,,,,,,,,,,,,,ICOP23
1440,,,,,,,,,,,,,,,,,,,,,,,,,,,ICOP23
1441,,,,,,,,,,,,,,,,,,,,,,,,,,,ICOP23
1442,,,,,,,,,,,,,,,,,,,,,,,,,,,ICOP23
1443,,,,,,,,,,,,,,,,,,,,,,,,,,,ICOP23
1444,,,,,,,,,,,,,,,,,,,,,,,,,,,ICOP23
1445,,,,,,,,,,,,,,,,,,,,,,,,,,,ICOP23
1446,,,,,,,,,,,,,,,,,,,,,,,,,,,ICOP23
1447,,,,,,,,,,,,,,,,,,,,,,,,,,,ICOP23
1448,,,,,,,,,,,,,,,,,,,,,,,,,,,ICOP23
1449,,,,,,,,,,,,,,,,,,,,,,,,,,,ICOP23
1450,,,,,,,,,,,,,,,,,,,,,,,,,,,ICOP23
1451,,,,,,,,,,,,,,,,,,,,,,,,,,,ICOP23
1452,,,,,,,,,,,,,,,,,,,,,,,,,,,ICOP23
1453,,,,,,,,,,,,,,,,,,,,,,,,,,,ICOP23
1454,,,,,,,,,,,,,,,,,,,,,,,,,,,ICOP23
1455,,,,,,,,,,,,,,,,,,,,,,,,,,,ICOP23
1456,,,,,,,,,,,,,,,,,,,,,,,,,,,ICOP23
1457,,,,,,,,,,,,,,,,,,,,,,,,,,,ICOP23
1458,,,,,,,,,,,,,,,,,,,,,,,,,,,ICOP23
1459,,,,,,,,,,,,,,,,,,,,,,,,,,,ICOP23
1460,,,,,,,,,,,,,,,,,,,,,,,,,,,ICOP23
1461,,,,,,,,,,,,,,,,,,,,,,,,,,,ICOP23
1462,,,,,,,,,,,,,,,,,,,,,,,,,,,ICOP23
1463,,,,,,,,,,,,,,,,,,,,,,,,,,,ICOP23
1464,,,,,,,,,,,,,,,,,,,,,,,,,,,ICOP23
1465,,,,,,,,,,,,,,,,,,,,,,,,,,,ICOP23
1466,,,,,,,,,,,,,,,,,,,,,,,,,,,ICOP23
1467,,,,,,,,,,,,,,,,,,,,,,,,,,,ICOP23
1468,,,,,,,,,,,,,,,,,,,,,,,,,,,ICOP23
1469,,,,,,,,,,,,,,,,,,,,,,,,,,,ICOP23
1470,,,,,,,,,,,,,,,,,,,,,,,,,,,ICOP23
1471,,,,,,,,,,,,,,,,,,,,,,,,,,,ICOP23
1472,,,,,,,,,,,,,,,,,,,,,,,,,,,ICOP23
1473,,,,,,,,,,,,,,,,,,,,,,,,,,,ICOP23
1474,,,,,,,,,,,,,,,,,,,,,,,,,,,ICOP23
1475,,,,,,,,,,,,,,,,,,,,,,,,,,,ICOP23
1476,,,,,,,,,,,,,,,,,,,,,,,,,,,ICOP23
1477,,,,,,,,,,,,,,,,,,,,,,,,,,,ICOP23
1478,,,,,,,,,,,,,,,,,,,,,,,,,,,ICOP23
1479,,,,,,,,,,,,,,,,,,,,,,,,,,,ICOP23
1480,,,,,,,,,,,,,,,,,,,,,,,,,,,ICOP23
1481,,,,,,,,,,,,,,,,,,,,,,,,,,,ICOP23
1482,,,,,,,,,,,,,,,,,,,,,,,,,,,ICOP23
1483,,,,,,,,,,,,,,,,,,,,,,,,,,,ICOP23
1484,,,,,,,,,,,,,,,,,,,,,,,,,,,ICOP23
1485,,,,,,,,,,,,,,,,,,,,,,,,,,,ICOP23
1486,,,,,,,,,,,,,,,,,,,,,,,,,,,ICOP23
1487,,,,,,,,,,,,,,,,,,,,,,,,,,,ICOP23
1488,,,,,,,,,,,,,,,,,,,,,,,,,,,ICOP23
1489,,,,,,,,,,,,,,,,,,,,,,,,,,,ICOP23
1490,,,,,,,,,,,,,,,,,,,,,,,,,,,ICOP23
1491,,,,,,,,,,,,,,,,,,,,,,,,,,,ICOP23
1492,,,,,,,,,,,,,,,,,,,,,,,,,,,ICOP23
1493,,,,,,,,,,,,,,,,,,,,,,,,,,,ICOP23
1494,,,,,,,,,,,,,,,,,,,,,,,,,,,ICOP23
1495,,,,,,,,,,,,,,,,,,,,,,,,,,,ICOP23
1496,,,,,,,,,,,,,,,,,,,,,,,,,,,ICOP23
1497,,,,,,,,,,,,,,,,,,,,,,,,,,,ICOP23
1498,,,,,,,,,,,,,,,,,,,,,,,,,,,ICOP23
1499,,,,,,,,,,,,,,,,,,,,,,,,,,,ICOP23
1500,,,,,,,,,,,,,,,,,,,,,,,,,,,ICOP23
1501,,,,,,,,,,,,,,,,,,,,,,,,,,,ICOP23
1502,,,,,,,,,,,,,,,,,,,,,,,,,,,ICOP23
1503,,,,,,,,,,,,,,,,,,,,,,,,,,,ICOP23
1504,,,,,,,,,,,,,,,,,,,,,,,,,,,ICOP23
1505,,,,,,,,,,,,,,,,,,,,,,,,,,,ICOP23
1506,,,,,,,,,,,,,,,,,,,,,,,,,,,ICOP23
1507,,,,,,,,,,,,,,,,,,,,,,,,,,,ICOP23
1508,,,,,,,,,,,,,,,,,,,,,,,,,,,ICOP23
1509,,,,,,,,,,,,,,,,,,,,,,,,,,,ICOP23
1510,,,,,,,,,,,,,,,,,,,,,,,,,,,ICOP23
1511,,,,,,,,,,,,,,,,,,,,,,,,,,,ICOP23
1512,,,,,,,,,,,,,,,,,,,,,,,,,,,ICOP23
1513,,,,,,,,,,,,,,,,,,,,,,,,,,,ICOP23
1514,,,,,,,,,,,,,,,,,,,,,,,,,,,ICOP23
1515,,,,,,,,,,,,,,,,,,,,,,,,,,,ICOP23
1516,,,,,,,,,,,,,,,,,,,,,,,,,,,ICOP23
1517,,,,,,,,,,,,,,,,,,,,,,,,,,,ICOP23
1518,,,,,,,,,,,,,,,,,,,,,,,,,,,ICOP23
1519,,,,,,,,,,,,,,,,,,,,,,,,,,,ICOP23
1520,,,,,,,,,,,,,,,,,,,,,,,,,,,ICOP23
1521,,,,,,,,,,,,,,,,,,,,,,,,,,,ICOP23
1522,,,,,,,,,,,,,,,,,,,,,,,,,,,ICOP23
1523,,,,,,,,,,,,,,,,,,,,,,,,,,,ICOP23
1524,,,,,,,,,,,,,,,,,,,,,,,,,,,ICOP23
1525,,,,,,,,,,,,,,,,,,,,,,,,,,,ICOP23
1526,,,,,,,,,,,,,,,,,,,,,,,,,,,ICOP23
1527,,,,,,,,,,,,,,,,,,,,,,,,,,,ICOP23
1528,,,,,,,,,,,,,,,,,,,,,,,,,,,ICOP23
1529,,,,,,,,,,,,,,,,,,,,,,,,,,,ICOP23
1530,,,,,,,,,,,,,,,,,,,,,,,,,,,ICOP23
1531,,,,,,,,,,,,,,,,,,,,,,,,,,,ICOP23
1532,,,,,,,,,,,,,,,,,,,,,,,,,,,ICOP23
1533,,,,,,,,,,,,,,,,,,,,,,,,,,,ICOP23
1534,,,,,,,,,,,,,,,,,,,,,,,,,,,ICOP23
1535,,,,,,,,,,,,,,,,,,,,,,,,,,,ICOP23
1536,,,,,,,,,,,,,,,,,,,,,,,,,,,ICOP23
1537,,,,,,,,,,,,,,,,,,,,,,,,,,,ICOP23
1538,,,,,,,,,,,,,,,,,,,,,,,,,,,ICOP23
1539,,,,,,,,,,,,,,,,,,,,,,,,,,,ICOP23
1540,,,,,,,,,,,,,,,,,,,,,,,,,,,ICOP23
1541,,,,,,,,,,,,,,,,,,,,,,,,,,,ICOP23
1542,,,,,,,,,,,,,,,,,,,,,,,,,,,ICOP23
1543,,,,,,,,,,,,,,,,,,,,,,,,,,,ICOP23
1544,,,,,,,,,,,,,,,,,,,,,,,,,,,ICOP23
1545,,,,,,,,,,,,,,,,,,,,,,,,,,,ICOP23
1546,,,,,,,,,,,,,,,,,,,,,,,,,,,ICOP23
1547,,,,,,,,,,,,,,,,,,,,,,,,,,,ICOP23
1548,,,,,,,,,,,,,,,,,,,,,,,,,,,ICOP23
1549,,,,,,,,,,,,,,,,,,,,,,,,,,,ICOP23
1550,,,,,,,,,,,,,,,,,,,,,,,,,,,ICOP23
1551,,,,,,,,,,,,,,,,,,,,,,,,,,,ICOP23
1552,,,,,,,,,,,,,,,,,,,,,,,,,,,ICOP23
1553,,,,,,,,,,,,,,,,,,,,,,,,,,,ICOP23
1554,,,,,,,,,,,,,,,,,,,,,,,,,,,ICOP23
1555,,,,,,,,,,,,,,,,,,,,,,,,,,,ICOP23
1556,,,,,,,,,,,,,,,,,,,,,,,,,,,ICOP23
1557,,,,,,,,,,,,,,,,,,,,,,,,,,,ICOP23
1558,,,,,,,,,,,,,,,,,,,,,,,,,,,ICOP23
1559,,,,,,,,,,,,,,,,,,,,,,,,,,,ICOP23
1560,,,,,,,,,,,,,,,,,,,,,,,,,,,ICOP23
1561,,,,,,,,,,,,,,,,,,,,,,,,,,,ICOP23
1562,,,,,,,,,,,,,,,,,,,,,,,,,,,ICOP23
1563,,,,,,,,,,,,,,,,,,,,,,,,,,,ICOP23
1564,,,,,,,,,,,,,,,,,,,,,,,,,,,ICOP23
1565,,,,,,,,,,,,,,,,,,,,,,,,,,,ICOP23
1566,,,,,,,,,,,,,,,,,,,,,,,,,,,ICOP23
1567,,,,,,,,,,,,,,,,,,,,,,,,,,,ICOP23
1568,,,,,,,,,,,,,,,,,,,,,,,,,,,ICOP23
1569,,,,,,,,,,,,,,,,,,,,,,,,,,,ICOP23
1570,,,,,,,,,,,,,,,,,,,,,,,,,,,ICOP23
1571,,,,,,,,,,,,,,,,,,,,,,,,,,,ICOP23
1572,,,,,,,,,,,,,,,,,,,,,,,,,,,ICOP23
1573,,,,,,,,,,,,,,,,,,,,,,,,,,,ICOP23
1574,,,,,,,,,,,,,,,,,,,,,,,,,,,ICOP23
1575,,,,,,,,,,,,,,,,,,,,,,,,,,,ICOP23
1576,,,,,,,,,,,,,,,,,,,,,,,,,,,ICOP23
1577,,,,,,,,,,,,,,,,,,,,,,,,,,,ICOP23
1578,,,,,,,,,,,,,,,,,,,,,,,,,,,ICOP23
1579,,,,,,,,,,,,,,,,,,,,,,,,,,,ICOP23
1580,,,,,,,,,,,,,,,,,,,,,,,,,,,ICOP23
1581,,,,,,,,,,,,,,,,,,,,,,,,,,,ICOP23
1582,,,,,,,,,,,,,,,,,,,,,,,,,,,ICOP23
1583,,,,,,,,,,,,,,,,,,,,,,,,,,,ICOP23
1584,,,,,,,,,,,,,,,,,,,,,,,,,,,ICOP23
1585,,,,,,,,,,,,,,,,,,,,,,,,,,,ICOP23
1586,,,,,,,,,,,,,,,,,,,,,,,,,,,ICOP23
1587,,,,,,,,,,,,,,,,,,,,,,,,,,,ICOP23
1588,,,,,,,,,,,,,,,,,,,,,,,,,,,ICOP23
1589,,,,,,,,,,,,,,,,,,,,,,,,,,,ICOP23
1590,,,,,,,,,,,,,,,,,,,,,,,,,,,ICOP23
1591,,,,,,,,,,,,,,,,,,,,,,,,,,,ICOP23
1592,,,,,,,,,,,,,,,,,,,,,,,,,,,ICOP23
1593,,,,,,,,,,,,,,,,,,,,,,,,,,,ICOP23
1594,,,,,,,,,,,,,,,,,,,,,,,,,,,ICOP23
1595,,,,,,,,,,,,,,,,,,,,,,,,,,,ICOP23
1596,,,,,,,,,,,,,,,,,,,,,,,,,,,ICOP23
1597,,,,,,,,,,,,,,,,,,,,,,,,,,,ICOP23
1598,,,,,,,,,,,,,,,,,,,,,,,,,,,ICOP23
1599,,,,,,,,,,,,,,,,,,,,,,,,,,,ICOP23
1600,,,,,,,,,,,,,,,,,,,,,,,,,,,ICOP23
1601,,,,,,,,,,,,,,,,,,,,,,,,,,,ICOP23
1602,,,,,,,,,,,,,,,,,,,,,,,,,,,ICOP23
1603,,,,,,,,,,,,,,,,,,,,,,,,,,,ICOP23
1604,,,,,,,,,,,,,,,,,,,,,,,,,,,ICOP23
1605,,,,,,,,,,,,,,,,,,,,,,,,,,,ICOP23
1606,,,,,,,,,,,,,,,,,,,,,,,,,,,ICOP23
1607,,,,,,,,,,,,,,,,,,,,,,,,,,,ICOP23
1608,,,,,,,,,,,,,,,,,,,,,,,,,,,ICOP23
1609,,,,,,,,,,,,,,,,,,,,,,,,,,,ICOP23
1610,,,,,,,,,,,,,,,,,,,,,,,,,,,ICOP23
1611,,,,,,,,,,,,,,,,,,,,,,,,,,,ICOP23
1612,,,,,,,,,,,,,,,,,,,,,,,,,,,ICOP23
1613,,,,,,,,,,,,,,,,,,,,,,,,,,,ICOP23
1614,,,,,,,,,,,,,,,,,,,,,,,,,,,ICOP23
1615,,,,,,,,,,,,,,,,,,,,,,,,,,,ICOP23
1616,,,,,,,,,,,,,,,,,,,,,,,,,,,ICOP23
1617,,,,,,,,,,,,,,,,,,,,,,,,,,,ICOP23
1618,,,,,,,,,,,,,,,,,,,,,,,,,,,ICOP23
1619,,,,,,,,,,,,,,,,,,,,,,,,,,,ICOP23
1620,,,,,,,,,,,,,,,,,,,,,,,,,,,ICOP23
1621,,,,,,,,,,,,,,,,,,,,,,,,,,,ICOP23
1622,,,,,,,,,,,,,,,,,,,,,,,,,,,ICOP23
1623,,,,,,,,,,,,,,,,,,,,,,,,,,,ICOP23
1624,,,,,,,,,,,,,,,,,,,,,,,,,,,ICOP23
1625,,,,,,,,,,,,,,,,,,,,,,,,,,,ICOP23
1626,,,,,,,,,,,,,,,,,,,,,,,,,,,ICOP23
1627,,,,,,,,,,,,,,,,,,,,,,,,,,,ICOP23
1628,,,,,,,,,,,,,,,,,,,,,,,,,,,ICOP23
1629,,,,,,,,,,,,,,,,,,,,,,,,,,,ICOP23
1630,,,,,,,,,,,,,,,,,,,,,,,,,,,ICOP23
1631,,,,,,,,,,,,,,,,,,,,,,,,,,,ICOP23
1632,,,,,,,,,,,,,,,,,,,,,,,,,,,ICOP23
1633,,,,,,,,,,,,,,,,,,,,,,,,,,,ICOP23
1634,,,,,,,,,,,,,,,,,,,,,,,,,,,ICOP23
1635,,,,,,,,,,,,,,,,,,,,,,,,,,,ICOP23
1636,,,,,,,,,,,,,,,,,,,,,,,,,,,ICOP23
1637,,,,,,,,,,,,,,,,,,,,,,,,,,,ICOP23
1638,,,,,,,,,,,,,,,,,,,,,,,,,,,ICOP23
1639,,,,,,,,,,,,,,,,,,,,,,,,,,,ICOP23
1640,,,,,,,,,,,,,,,,,,,,,,,,,,,ICOP23
1641,,,,,,,,,,,,,,,,,,,,,,,,,,,ICOP23
1642,,,,,,,,,,,,,,,,,,,,,,,,,,,ICOP23
1643,,,,,,,,,,,,,,,,,,,,,,,,,,,ICOP23
1644,,,,,,,,,,,,,,,,,,,,,,,,,,,ICOP23
1645,,,,,,,,,,,,,,,,,,,,,,,,,,,ICOP23
1646,,,,,,,,,,,,,,,,,,,,,,,,,,,ICOP23
1647,,,,,,,,,,,,,,,,,,,,,,,,,,,ICOP23
1648,,,,,,,,,,,,,,,,,,,,,,,,,,,ICOP23
1649,,,,,,,,,,,,,,,,,,,,,,,,,,,ICOP23
1650,,,,,,,,,,,,,,,,,,,,,,,,,,,ICOP23
1651,,,,,,,,,,,,,,,,,,,,,,,,,,,ICOP23
1652,,,,,,,,,,,,,,,,,,,,,,,,,,,ICOP23
1653,,,,,,,,,,,,,,,,,,,,,,,,,,,ICOP23
1654,,,,,,,,,,,,,,,,,,,,,,,,,,,ICOP23
1655,,,,,,,,,,,,,,,,,,,,,,,,,,,ICOP23
1656,,,,,,,,,,,,,,,,,,,,,,,,,,,ICOP23
1657,,,,,,,,,,,,,,,,,,,,,,,,,,,ICOP23
1658,,,,,,,,,,,,,,,,,,,,,,,,,,,ICOP23
1659,,,,,,,,,,,,,,,,,,,,,,,,,,,ICOP23
1660,,,,,,,,,,,,,,,,,,,,,,,,,,,ICOP23
1661,,,,,,,,,,,,,,,,,,,,,,,,,,,ICOP23
1662,,,,,,,,,,,,,,,,,,,,,,,,,,,ICOP23
1663,,,,,,,,,,,,,,,,,,,,,,,,,,,ICOP23
1664,,,,,,,,,,,,,,,,,,,,,,,,,,,ICOP23
1665,,,,,,,,,,,,,,,,,,,,,,,,,,,ICOP23
1666,,,,,,,,,,,,,,,,,,,,,,,,,,,ICOP23
1667,,,,,,,,,,,,,,,,,,,,,,,,,,,ICOP23
1668,,,,,,,,,,,,,,,,,,,,,,,,,,,ICOP23
1669,,,,,,,,,,,,,,,,,,,,,,,,,,,ICOP23
1670,,,,,,,,,,,,,,,,,,,,,,,,,,,ICOP23
1671,,,,,,,,,,,,,,,,,,,,,,,,,,,ICOP23
1672,,,,,,,,,,,,,,,,,,,,,,,,,,,ICOP23
1673,,,,,,,,,,,,,,,,,,,,,,,,,,,ICOP23
1674,,,,,,,,,,,,,,,,,,,,,,,,,,,ICOP23
1675,,,,,,,,,,,,,,,,,,,,,,,,,,,ICOP23
1676,,,,,,,,,,,,,,,,,,,,,,,,,,,ICOP23
1677,,,,,,,,,,,,,,,,,,,,,,,,,,,ICOP23
1678,,,,,,,,,,,,,,,,,,,,,,,,,,,ICOP23
1679,,,,,,,,,,,,,,,,,,,,,,,,,,,ICOP23
1680,,,,,,,,,,,,,,,,,,,,,,,,,,,ICOP23
1681,,,,,,,,,,,,,,,,,,,,,,,,,,,ICOP23
1682,,,,,,,,,,,,,,,,,,,,,,,,,,,ICOP23
1683,,,,,,,,,,,,,,,,,,,,,,,,,,,ICOP23
1684,,,,,,,,,,,,,,,,,,,,,,,,,,,ICOP23
1685,,,,,,,,,,,,,,,,,,,,,,,,,,,ICOP23
1686,,,,,,,,,,,,,,,,,,,,,,,,,,,ICOP23
1687,,,,,,,,,,,,,,,,,,,,,,,,,,,ICOP23
1688,,,,,,,,,,,,,,,,,,,,,,,,,,,ICOP23
1689,,,,,,,,,,,,,,,,,,,,,,,,,,,ICOP23
1690,,,,,,,,,,,,,,,,,,,,,,,,,,,ICOP23
1691,,,,,,,,,,,,,,,,,,,,,,,,,,,ICOP23
1692,,,,,,,,,,,,,,,,,,,,,,,,,,,ICOP23
1693,,,,,,,,,,,,,,,,,,,,,,,,,,,ICOP23
1694,,,,,,,,,,,,,,,,,,,,,,,,,,,ICOP23
1695,,,,,,,,,,,,,,,,,,,,,,,,,,,ICOP23
1696,,,,,,,,,,,,,,,,,,,,,,,,,,,ICOP23
1697,,,,,,,,,,,,,,,,,,,,,,,,,,,ICOP23
1698,,,,,,,,,,,,,,,,,,,,,,,,,,,ICOP23
1699,,,,,,,,,,,,,,,,,,,,,,,,,,,ICOP23
1700,,,,,,,,,,,,,,,,,,,,,,,,,,,ICOP23
1701,,,,,,,,,,,,,,,,,,,,,,,,,,,ICOP23
1702,,,,,,,,,,,,,,,,,,,,,,,,,,,ICOP23
1703,,,,,,,,,,,,,,,,,,,,,,,,,,,ICOP23
1704,,,,,,,,,,,,,,,,,,,,,,,,,,,ICOP23
1705,,,,,,,,,,,,,,,,,,,,,,,,,,,ICOP23
1706,,,,,,,,,,,,,,,,,,,,,,,,,,,ICOP23
1707,,,,,,,,,,,,,,,,,,,,,,,,,,,ICOP23
1708,,,,,,,,,,,,,,,,,,,,,,,,,,,ICOP23
1709,,,,,,,,,,,,,,,,,,,,,,,,,,,ICOP23
1710,,,,,,,,,,,,,,,,,,,,,,,,,,,ICOP23
1711,,,,,,,,,,,,,,,,,,,,,,,,,,,ICOP23
1712,,,,,,,,,,,,,,,,,,,,,,,,,,,ICOP23
1713,,,,,,,,,,,,,,,,,,,,,,,,,,,ICOP23
1714,,,,,,,,,,,,,,,,,,,,,,,,,,,ICOP23
1715,,,,,,,,,,,,,,,,,,,,,,,,,,,ICOP23
1716,,,,,,,,,,,,,,,,,,,,,,,,,,,ICOP23
1717,,,,,,,,,,,,,,,,,,,,,,,,,,,ICOP23
1718,,,,,,,,,,,,,,,,,,,,,,,,,,,ICOP23
1719,,,,,,,,,,,,,,,,,,,,,,,,,,,ICOP23
1720,,,,,,,,,,,,,,,,,,,,,,,,,,,ICOP23
1721,,,,,,,,,,,,,,,,,,,,,,,,,,,ICOP23
1722,,,,,,,,,,,,,,,,,,,,,,,,,,,ICOP23
1723,,,,,,,,,,,,,,,,,,,,,,,,,,,ICOP23
1724,,,,,,,,,,,,,,,,,,,,,,,,,,,ICOP23
1725,,,,,,,,,,,,,,,,,,,,,,,,,,,ICOP23
1726,,,,,,,,,,,,,,,,,,,,,,,,,,,ICOP23
1727,,,,,,,,,,,,,,,,,,,,,,,,,,,ICOP23
1728,,,,,,,,,,,,,,,,,,,,,,,,,,,ICOP23
1729,,,,,,,,,,,,,,,,,,,,,,,,,,,ICOP23
1730,,,,,,,,,,,,,,,,,,,,,,,,,,,ICOP23
1731,,,,,,,,,,,,,,,,,,,,,,,,,,,ICOP23
1732,,,,,,,,,,,,,,,,,,,,,,,,,,,ICOP23
1733,,,,,,,,,,,,,,,,,,,,,,,,,,,ICOP23
1734,,,,,,,,,,,,,,,,,,,,,,,,,,,ICOP23
1735,,,,,,,,,,,,,,,,,,,,,,,,,,,ICOP23
1736,,,,,,,,,,,,,,,,,,,,,,,,,,,ICOP23
1737,,,,,,,,,,,,,,,,,,,,,,,,,,,ICOP23
1738,,,,,,,,,,,,,,,,,,,,,,,,,,,ICOP23
1739,,,,,,,,,,,,,,,,,,,,,,,,,,,ICOP23
1740,,,,,,,,,,,,,,,,,,,,,,,,,,,ICOP23
1741,,,,,,,,,,,,,,,,,,,,,,,,,,,ICOP23
1742,,,,,,,,,,,,,,,,,,,,,,,,,,,ICOP23
1743,,,,,,,,,,,,,,,,,,,,,,,,,,,ICOP23
1744,,,,,,,,,,,,,,,,,,,,,,,,,,,ICOP23
1745,,,,,,,,,,,,,,,,,,,,,,,,,,,ICOP23
1746,,,,,,,,,,,,,,,,,,,,,,,,,,,ICOP23
